Workbook

Sheet Schedule
P1: Schedule Conflicts: | S1: =countifs(Students!AG3:AG88,">0") -> 0 | U1: % 9-12 done: | X1: =rounddown(sum(Students!AF:AF)/(rounddown(countifs(Students!C3:C88,"<>"&""),0)*8),2) -> 1 | Y1: Over 24 students: | AB1: =countifs(R3:R88,">24")+countifs(U3:U88,">24")+countifs(X3:X88,">24")+countifs(AA3:AA88,">24")+countifs(AD3:AD88,">24")+countifs(AG3:AG88,">24")+countifs(AJ3:AJ88,">24")+countifs(AM3:AM88,">24") -> 9 | AD1: ERRORS (Ghost classes): | AG1: =iferror(sum('Ghost Classes'!E:E),0) -> 0 | AH1: Groups over for Teacher | AJ1: =sum('Teachers and Groups'!G2:G88) -> 0 | AP1: # in Each Grade
A2: Grade Level | B2: Block | C2: Day A | D2: Day B | E2: Day C | F2: Day D | G2: Day E | J2: {=if(ROW(J2:J88)=2,"Students #",if($L2:$L88="","",R2:R88+U2:U88+X2:X88+AA2:AA88+AD2:AD88+AG2:AG88+AJ2:AJ88+AM2:AM88))} -> Students # | K2: Semester | L2: Teacher | M2: Room | N2: {=if(ROW(N2:N88)=2,"Preps #",if($L2:$L88="","",countifs('Teachers and Groups'!C2:C88,L2:L88)))} -> Preps # | O2: # Hours | P2: 1 | Q2: S | R2: {=if(ROW(R2:R88)=2,"#",if(P2:P88="","",if($K2:$K88="S1",countifs('Students (Vertical)'!$D:$D,P2:P88,'Students (Vertical)'!$E:$E,P$2&"a"),if($K2:$K88="S2",countifs('Students (Vertical)'!$D:$D,P2:P88,'Students (Vertical)'!$E:$E,P$2&"b"),countifs('Students (Vertical)'!$D:$D,P2:P88,'Students (Vertical)'!$E:$E,P$2)+countifs('Students (Vertical)'!$D:$D,P2:P88,'Students (Vertical)'!$E:$E,P$2&"a")+countifs('Students (Vertical)'!$D:$D,P2:P88,'Students (Vertical)'!$E:$E,P$2&"b")))))} -> # | S2: 2 | T2: S | U2: {=if(ROW(U2:U88)=2,"#",if(S2:S88="","",if($K2:$K88="S1",countifs('Students (Vertical)'!$D:$D,S2:S88,'Students (Vertical)'!$E:$E,S$2&"a"),if($K2:$K88="S2",countifs('Students (Vertical)'!$D:$D,S2:S88,'Students (Vertical)'!$E:$E,S$2&"b"),countifs('Students (Vertical)'!$D:$D,S2:S88,'Students (Vertical)'!$E:$E,S$2)+countifs('Students (Vertical)'!$D:$D,S2:S88,'Students (Vertical)'!$E:$E,S$2&"a")+countifs('Students (Vertical)'!$D:$D,S2:S88,'Students (Vertical)'!$E:$E,S$2&"b")))))} -> # | V2: 3 | W2: S | X2: {=if(ROW(X2:X88)=2,"#",if(V2:V88="","",if($K2:$K88="S1",countifs('Students (Vertical)'!$D:$D,V2:V88,'Students (Vertical)'!$E:$E,V$2&"a"),if($K2:$K88="S2",countifs('Students (Vertical)'!$D:$D,V2:V88,'Students (Vertical)'!$E:$E,V$2&"b"),countifs('Students (Vertical)'!$D:$D,V2:V88,'Students (Vertical)'!$E:$E,V$2)+countifs('Students (Vertical)'!$D:$D,V2:V88,'Students (Vertical)'!$E:$E,V$2&"a")+countifs('Students (Vertical)'!$D:$D,V2:V88,'Students (Vertical)'!$E:$E,V$2&"b")))))} -> # | Y2: 4 | Z2: S | AA2: {=if(ROW(AA2:AA88)=2,"#",if(Y2:Y88="","",if($K2:$K88="S1",countifs('Students (Vertical)'!$D:$D,Y2:Y88,'Students (Vertical)'!$E:$E,Y$2&"a"),if($K2:$K88="S2",countifs('Students (Vertical)'!$D:$D,Y2:Y88,'Students (Vertical)'!$E:$E,Y$2&"b"),countifs('Students (Vertical)'!$D:$D,Y2:Y88,'Students (Vertical)'!$E:$E,Y$2)+countifs('Students (Vertical)'!$D:$D,Y2:Y88,'Students (Vertical)'!$E:$E,Y$2&"a")+countifs('Students (Vertical)'!$D:$D,Y2:Y88,'Students (Vertical)'!$E:$E,Y$2&"b")))))} -> # | AB2: 5 | AC2: S | AD2: {=if(ROW(AD2:AD88)=2,"#",if(AB2:AB88="","",if($K2:$K88="S1",countifs('Students (Vertical)'!$D:$D,AB2:AB88,'Students (Vertical)'!$E:$E,AB$2&"a"),if($K2:$K88="S2",countifs('Students (Vertical)'!$D:$D,AB2:AB88,'Students (Vertical)'!$E:$E,AB$2&"b"),countifs('Students (Vertical)'!$D:$D,AB2:AB88,'Students (Vertical)'!$E:$E,AB$2)+countifs('Students (Vertical)'!$D:$D,AB2:AB88,'Students (Vertical)'!$E:$E,AB$2&"a")+countifs('Students (Vertical)'!$D:$D,AB2:AB88,'Students (Vertical)'!$E:$E,AB$2&"b")))))} -> # | AE2: 6 | AF2: S | AG2: {=if(ROW(AG2:AG88)=2,"#",if(AE2:AE88="","",if($K2:$K88="S1",countifs('Students (Vertical)'!$D:$D,AE2:AE88,'Students (Vertical)'!$E:$E,AE$2&"a"),if($K2:$K88="S2",countifs('Students (Vertical)'!$D:$D,AE2:AE88,'Students (Vertical)'!$E:$E,AE$2&"b"),countifs('Students (Vertical)'!$D:$D,AE2:AE88,'Students (Vertical)'!$E:$E,AE$2)+countifs('Students (Vertical)'!$D:$D,AE2:AE88,'Students (Vertical)'!$E:$E,AE$2&"a")+countifs('Students (Vertical)'!$D:$D,AE2:AE88,'Students (Vertical)'!$E:$E,AE$2&"b")))))} -> # | AH2: 7 | AI2: S | AJ2: {=if(ROW(AJ2:AJ88)=2,"#",if(AH2:AH88="","",if($K2:$K88="S1",countifs('Students (Vertical)'!$D:$D,AH2:AH88,'Students (Vertical)'!$E:$E,AH$2&"a"),if($K2:$K88="S2",countifs('Students (Vertical)'!$D:$D,AH2:AH88,'Students (Vertical)'!$E:$E,AH$2&"b"),countifs('Students (Vertical)'!$D:$D,AH2:AH88,'Students (Vertical)'!$E:$E,AH$2)+countifs('Students (Vertical)'!$D:$D,AH2:AH88,'Students (Vertical)'!$E:$E,AH$2&"a")+countifs('Students (Vertical)'!$D:$D,AH2:AH88,'Students (Vertical)'!$E:$E,AH$2&"b")))))} -> # | AK2: 8 | AL2: S | AM2: {=if(ROW(AM2:AM88)=2,"#",if(AK2:AK88="","",if($K2:$K88="S1",countifs('Students (Vertical)'!$D:$D,AK2:AK88,'Students (Vertical)'!$E:$E,AK$2&"a"),if($K2:$K88="S2",countifs('Students (Vertical)'!$D:$D,AK2:AK88,'Students (Vertical)'!$E:$E,AK$2&"b"),countifs('Students (Vertical)'!$D:$D,AK2:AK88,'Students (Vertical)'!$E:$E,AK$2)+countifs('Students (Vertical)'!$D:$D,AK2:AK88,'Students (Vertical)'!$E:$E,AK$2&"a")+countifs('Students (Vertical)'!$D:$D,AK2:AK88,'Students (Vertical)'!$E:$E,AK$2&"b")))))} -> # | AN2: Preps | AO2: Students | AP2: 9 | AQ2: 10 | AR2: 11 | AS2: 12
A3: All | B3: 1 | C3: 1 | D3: 6 | E3: 3 | F3: 8 | G3: 5 | J3: 144 | L3: Jorge Mario Angel | N3: 2 | O3: =IFERROR(__xludf.DUMMYFUNCTION("3*counta((transpose(filter(P3:AM3,P3:AM3<>"""",isnumber(P3:AM3)=false))))"),18.0) -> 18 | S3: Band Level II | T3: 1 | U3: 27 | V3: Band Level I | W3: 1 | X3: 24 | Y3: Band Level I | Z3: 2 | AA3: 20 | AE3: Band Level II | AF3: 2 | AG3: 27 | AH3: Band Level I | AI3: 3 | AJ3: 24 | AK3: Band Level I | AL3: 4 | AM3: 22 | AO3: =if(L3="","",R3+U3+X3+AA3+AD3+AG3+AJ3+AM3) -> 144 | AP3: =if($L3="","",countifs(Students!$D:$D,$P3,Students!$E:$E,$P$2&if($K3="S1","a",if($K3="S2","b","")),Students!$A:$A,AP$2)+countifs(Students!$F:$F,$P3,Students!$G:$G,$P$2&if($K3="S1","a",if($K3="S2","b","")),Students!$A:$A,AP$2)+countifs(Students!$H:$H,$P3,Students!$I:$I,$P$2&if($K3="S1","a",if($K3="S2","b","")),Students!$A:$A,AP$2)+countifs(Students!$J:$J,$P3,Students!$K:$K,$P$2&if($K3="S1","a",if($K3="S2","b","")),Students!$A:$A,AP$2)+countifs(Students!$L:$L,$P3,Students!$M:$M,$P$2&if($K3="S1","a",if($K3="S2","b","")),Students!$A:$A,AP$2)+countifs(Students!$N:$N,$P3,Students!$O:$O,$P$2&if($K3="S1","a",if($K3="S2","b","")),Students!$A:$A,AP$2)+countifs(Students!$P:$P,$P3,Students!$Q:$Q,$P$2&if($K3="S1","a",if($K3="S2","b","")),Students!$A:$A,AP$2)+countifs(Students!$R:$R,$P3,Students!$S:$S,$P$2&if($K3="S1","a",if($K3="S2","b","")),Students!$A:$A,AP$2)+countifs(Students!$T:$T,$P3,Students!$U:$U,$P$2&if($K3="S1","a",if($K3="S2","b","")),Students!$A:$A,AP$2)+countifs(Students!$V:$V,$P3,Students!$W:$W,$P$2&if($K3="S1","a",if($K3="S2","b","")),Students!$A:$A,AP$2)+ countifs(Students!$D:$D,$S3,Students!$E:$E,$S$2&if($K3="S1","a",if($K3="S2","b","")),Students!$A:$A,AP$2)+countifs(Students!$F:$F,$S3,Students!$G:$G,$S$2&if($K3="S1","a",if($K3="S2","b","")),Students!$A:$A,AP$2)+countifs(Students!$H:$H,$S3,Students!$I:$I,$S$2&if($K3="S1","a",if($K3="S2","b","")),Students!$A:$A,AP$2)+countifs(Students!$J:$J,$S3,Students!$K:$K,$S$2&if($K3="S1","a",if($K3="S2","b","")),Students!$A:$A,AP$2)+countifs(Students!$L:$L,$S3,Students!$M:$M,$S$2&if($K3="S1","a",if($K3="S2","b","")),Students!$A:$A,AP$2)+countifs(Students!$N:$N,$S3,Students!$O:$O,$S$2&if($K3="S1","a",if($K3="S2","b","")),Students!$A:$A,AP$2)+countifs(Students!$P:$P,$S3,Students!$Q:$Q,$S$2&if($K3="S1","a",if($K3="S2","b","")),Students!$A:$A,AP$2)+countifs(Students!$R:$R,$S3,Students!$S:$S,$S$2&if($K3="S1","a",if($K3="S2","b","")),Students!$A:$A,AP$2)+countifs(Students!$T:$T,$S3,Students!$U:$U,$S$2&if($K3="S1","a",if($K3="S2","b","")),Students!$A:$A,AP$2)+countifs(Students!$V:$V,$S3,Students!$W:$W,$S$2&if($K3="S1","a",if($K3="S2","b","")),Students!$A:$A,AP$2)+ countifs(Students!$D:$D,$V3,Students!$E:$E,$V$2&if($K3="S1","a",if($K3="S2","b","")),Students!$A:$A,AP$2)+countifs(Students!$F:$F,$V3,Students!$G:$G,$V$2&if($K3="S1","a",if($K3="S2","b","")),Students!$A:$A,AP$2)+countifs(Students!$H:$H,$V3,Students!$I:$I,$V$2&if($K3="S1","a",if($K3="S2","b","")),Students!$A:$A,AP$2)+countifs(Students!$J:$J,$V3,Students!$K:$K,$V$2&if($K3="S1","a",if($K3="S2","b","")),Students!$A:$A,AP$2)+countifs(Students!$L:$L,$V3,Students!$M:$M,$V$2&if($K3="S1","a",if($K3="S2","b","")),Students!$A:$A,AP$2)+countifs(Students!$N:$N,$V3,Students!$O:$O,$V$2&if($K3="S1","a",if($K3="S2","b","")),Students!$A:$A,AP$2)+countifs(Students!$P:$P,$V3,Students!$Q:$Q,$V$2&if($K3="S1","a",if($K3="S2","b","")),Students!$A:$A,AP$2)+countifs(Students!$R:$R,$V3,Students!$S:$S,$V$2&if($K3="S1","a",if($K3="S2","b","")),Students!$A:$A,AP$2)+countifs(Students!$T:$T,$V3,Students!$U:$U,$V$2&if($K3="S1","a",if($K3="S2","b","")),Students!$A:$A,AP$2)+countifs(Students!$V:$V,$V3,Students!$W:$W,$V$2&if($K3="S1","a",if($K3="S2","b","")),Students!$A:$A,AP$2)+ countifs(Students!$D:$D,$Y3,Students!$E:$E,$Y$2&if($K3="S1","a",if($K3="S2","b","")),Students!$A:$A,AP$2)+countifs(Students!$F:$F,$Y3,Students!$G:$G,$Y$2&if($K3="S1","a",if($K3="S2","b","")),Students!$A:$A,AP$2)+countifs(Students!$H:$H,$Y3,Students!$I:$I,$Y$2&if($K3="S1","a",if($K3="S2","b","")),Students!$A:$A,AP$2)+countifs(Students!$J:$J,$Y3,Students!$K:$K,$Y$2&if($K3="S1","a",if($K3="S2","b","")),Students!$A:$A,AP$2)+countifs(Students!$L:$L,$Y3,Students!$M:$M,$Y$2&if($K3="S1","a",if($K3="S2","b","")),Students!$A:$A,AP$2)+countifs(Students!$N:$N,$Y3,Students!$O:$O,$Y$2&if($K3="S1","a",if($K3="S2","b","")),Students!$A:$A,AP$2)+countifs(Students!$P:$P,$Y3,Students!$Q:$Q,$Y$2&if($K3="S1","a",if($K3="S2","b","")),Students!$A:$A,AP$2)+countifs(Students!$R:$R,$Y3,Students!$S:$S,$Y$2&if($K3="S1","a",if($K3="S2","b","")),Students!$A:$A,AP$2)+countifs(Students!$T:$T,$Y3,Students!$U:$U,$Y$2&if($K3="S1","a",if($K3="S2","b","")),Students!$A:$A,AP$2)+countifs(Students!$V:$V,$Y3,Students!$W:$W,$Y$2&if($K3="S1","a",if($K3="S2","b","")),Students!$A:$A,AP$2)+ countifs(Students!$D:$D,$AB3,Students!$E:$E,$AB$2&if($K3="S1","a",if($K3="S2","b","")),Students!$A:$A,AP$2)+countifs(Students!$F:$F,$AB3,Students!$G:$G,$AB$2&if($K3="S1","a",if($K3="S2","b","")),Students!$A:$A,AP$2)+countifs(Students!$H:$H,$AB3,Students!$I:$I,$AB$2&if($K3="S1","a",if($K3="S2","b","")),Students!$A:$A,AP$2)+countifs(Students!$J:$J,$AB3,Students!$K:$K,$AB$2&if($K3="S1","a",if($K3="S2","b","")),Students!$A:$A,AP$2)+countifs(Students!$L:$L,$AB3,Students!$M:$M,$AB$2&if($K3="S1","a",if($K3="S2","b","")),Students!$A:$A,AP$2)+countifs(Students!$N:$N,$AB3,Students!$O:$O,$AB$2&if($K3="S1","a",if($K3="S2","b","")),Students!$A:$A,AP$2)+countifs(Students!$P:$P,$AB3,Students!$Q:$Q,$AB$2&if($K3="S1","a",if($K3="S2","b","")),Students!$A:$A,AP$2)+countifs(Students!$R:$R,$AB3,Students!$S:$S,$AB$2&if($K3="S1","a",if($K3="S2","b","")),Students!$A:$A,AP$2)+countifs(Students!$T:$T,$AB3,Students!$U:$U,$AB$2&if($K3="S1","a",if($K3="S2","b","")),Students!$A:$A,AP$2)+countifs(Students!$V:$V,$AB3,Students!$W:$W,$AB$2&if($K3="S1","a",if($K3="S2","b","")),Students!$A:$A,AP$2)+ countifs(Students!$D:$D,$AE3,Students!$E:$E,$AE$2&if($K3="S1","a",if($K3="S2","b","")),Students!$A:$A,AP$2)+countifs(Students!$F:$F,$AE3,Students!$G:$G,$AE$2&if($K3="S1","a",if($K3="S2","b","")),Students!$A:$A,AP$2)+countifs(Students!$H:$H,$AE3,Students!$I:$I,$AE$2&if($K3="S1","a",if($K3="S2","b","")),Students!$A:$A,AP$2)+countifs(Students!$J:$J,$AE3,Students!$K:$K,$AE$2&if($K3="S1","a",if($K3="S2","b","")),Students!$A:$A,AP$2)+countifs(Students!$L:$L,$AE3,Students!$M:$M,$AE$2&if($K3="S1","a",if($K3="S2","b","")),Students!$A:$A,AP$2)+countifs(Students!$N:$N,$AE3,Students!$O:$O,$AE$2&if($K3="S1","a",if($K3="S2","b","")),Students!$A:$A,AP$2)+countifs(Students!$P:$P,$AE3,Students!$Q:$Q,$AE$2&if($K3="S1","a",if($K3="S2","b","")),Students!$A:$A,AP$2)+countifs(Students!$R:$R,$AE3,Students!$S:$S,$AE$2&if($K3="S1","a",if($K3="S2","b","")),Students!$A:$A,AP$2)+countifs(Students!$T:$T,$AE3,Students!$U:$U,$AE$2&if($K3="S1","a",if($K3="S2","b","")),Students!$A:$A,AP$2)+countifs(Students!$V:$V,$AE3,Students!$W:$W,$AE$2&if($K3="S1","a",if($K3="S2","b","")),Students!$A:$A,AP$2)+ countifs(Students!$D:$D,$AH3,Students!$E:$E,$AH$2&if($K3="S1","a",if($K3="S2","b","")),Students!$A:$A,AP$2)+countifs(Students!$F:$F,$AH3,Students!$G:$G,$AH$2&if($K3="S1","a",if($K3="S2","b","")),Students!$A:$A,AP$2)+countifs(Students!$H:$H,$AH3,Students!$I:$I,$AH$2&if($K3="S1","a",if($K3="S2","b","")),Students!$A:$A,AP$2)+countifs(Students!$J:$J,$AH3,Students!$K:$K,$AH$2&if($K3="S1","a",if($K3="S2","b","")),Students!$A:$A,AP$2)+countifs(Students!$L:$L,$AH3,Students!$M:$M,$AH$2&if($K3="S1","a",if($K3="S2","b","")),Students!$A:$A,AP$2)+countifs(Students!$N:$N,$AH3,Students!$O:$O,$AH$2&if($K3="S1","a",if($K3="S2","b","")),Students!$A:$A,AP$2)+countifs(Students!$P:$P,$AH3,Students!$Q:$Q,$AH$2&if($K3="S1","a",if($K3="S2","b","")),Students!$A:$A,AP$2)+countifs(Students!$R:$R,$AH3,Students!$S:$S,$AH$2&if($K3="S1","a",if($K3="S2","b","")),Students!$A:$A,AP$2)+countifs(Students!$T:$T,$AH3,Students!$U:$U,$AH$2&if($K3="S1","a",if($K3="S2","b","")),Students!$A:$A,AP$2)+countifs(Students!$V:$V,$AH3,Students!$W:$W,$AH$2&if($K3="S1","a",if($K3="S2","b","")),Students!$A:$A,AP$2)+ countifs(Students!$D:$D,$AK3,Students!$E:$E,$AK$2&if($K3="S1","a",if($K3="S2","b","")),Students!$A:$A,AP$2)+countifs(Students!$F:$F,$AK3,Students!$G:$G,$AK$2&if($K3="S1","a",if($K3="S2","b","")),Students!$A:$A,AP$2)+countifs(Students!$H:$H,$AK3,Students!$I:$I,$AK$2&if($K3="S1","a",if($K3="S2","b","")),Students!$A:$A,AP$2)+countifs(Students!$J:$J,$AK3,Students!$K:$K,$AK$2&if($K3="S1","a",if($K3="S2","b","")),Students!$A:$A,AP$2)+countifs(Students!$L:$L,$AK3,Students!$M:$M,$AK$2&if($K3="S1","a",if($K3="S2","b","")),Students!$A:$A,AP$2)+countifs(Students!$N:$N,$AK3,Students!$O:$O,$AK$2&if($K3="S1","a",if($K3="S2","b","")),Students!$A:$A,AP$2)+countifs(Students!$P:$P,$AK3,Students!$Q:$Q,$AK$2&if($K3="S1","a",if($K3="S2","b","")),Students!$A:$A,AP$2)+countifs(Students!$R:$R,$AK3,Students!$S:$S,$AK$2&if($K3="S1","a",if($K3="S2","b","")),Students!$A:$A,AP$2)+countifs(Students!$T:$T,$AK3,Students!$U:$U,$AK$2&if($K3="S1","a",if($K3="S2","b","")),Students!$A:$A,AP$2)+countifs(Students!$V:$V,$AK3,Students!$W:$W,$AK$2&if($K3="S1","a",if($K3="S2","b","")),Students!$A:$A,AP$2)) -> 47 | AQ3: =if($L3="","",countifs(Students!$D:$D,$P3,Students!$E:$E,$P$2&if($K3="S1","a",if($K3="S2","b","")),Students!$A:$A,AQ$2)+countifs(Students!$F:$F,$P3,Students!$G:$G,$P$2&if($K3="S1","a",if($K3="S2","b","")),Students!$A:$A,AQ$2)+countifs(Students!$H:$H,$P3,Students!$I:$I,$P$2&if($K3="S1","a",if($K3="S2","b","")),Students!$A:$A,AQ$2)+countifs(Students!$J:$J,$P3,Students!$K:$K,$P$2&if($K3="S1","a",if($K3="S2","b","")),Students!$A:$A,AQ$2)+countifs(Students!$L:$L,$P3,Students!$M:$M,$P$2&if($K3="S1","a",if($K3="S2","b","")),Students!$A:$A,AQ$2)+countifs(Students!$N:$N,$P3,Students!$O:$O,$P$2&if($K3="S1","a",if($K3="S2","b","")),Students!$A:$A,AQ$2)+countifs(Students!$P:$P,$P3,Students!$Q:$Q,$P$2&if($K3="S1","a",if($K3="S2","b","")),Students!$A:$A,AQ$2)+countifs(Students!$R:$R,$P3,Students!$S:$S,$P$2&if($K3="S1","a",if($K3="S2","b","")),Students!$A:$A,AQ$2)+countifs(Students!$T:$T,$P3,Students!$U:$U,$P$2&if($K3="S1","a",if($K3="S2","b","")),Students!$A:$A,AQ$2)+countifs(Students!$V:$V,$P3,Students!$W:$W,$P$2&if($K3="S1","a",if($K3="S2","b","")),Students!$A:$A,AQ$2)+ countifs(Students!$D:$D,$S3,Students!$E:$E,$S$2&if($K3="S1","a",if($K3="S2","b","")),Students!$A:$A,AQ$2)+countifs(Students!$F:$F,$S3,Students!$G:$G,$S$2&if($K3="S1","a",if($K3="S2","b","")),Students!$A:$A,AQ$2)+countifs(Students!$H:$H,$S3,Students!$I:$I,$S$2&if($K3="S1","a",if($K3="S2","b","")),Students!$A:$A,AQ$2)+countifs(Students!$J:$J,$S3,Students!$K:$K,$S$2&if($K3="S1","a",if($K3="S2","b","")),Students!$A:$A,AQ$2)+countifs(Students!$L:$L,$S3,Students!$M:$M,$S$2&if($K3="S1","a",if($K3="S2","b","")),Students!$A:$A,AQ$2)+countifs(Students!$N:$N,$S3,Students!$O:$O,$S$2&if($K3="S1","a",if($K3="S2","b","")),Students!$A:$A,AQ$2)+countifs(Students!$P:$P,$S3,Students!$Q:$Q,$S$2&if($K3="S1","a",if($K3="S2","b","")),Students!$A:$A,AQ$2)+countifs(Students!$R:$R,$S3,Students!$S:$S,$S$2&if($K3="S1","a",if($K3="S2","b","")),Students!$A:$A,AQ$2)+countifs(Students!$T:$T,$S3,Students!$U:$U,$S$2&if($K3="S1","a",if($K3="S2","b","")),Students!$A:$A,AQ$2)+countifs(Students!$V:$V,$S3,Students!$W:$W,$S$2&if($K3="S1","a",if($K3="S2","b","")),Students!$A:$A,AQ$2)+ countifs(Students!$D:$D,$V3,Students!$E:$E,$V$2&if($K3="S1","a",if($K3="S2","b","")),Students!$A:$A,AQ$2)+countifs(Students!$F:$F,$V3,Students!$G:$G,$V$2&if($K3="S1","a",if($K3="S2","b","")),Students!$A:$A,AQ$2)+countifs(Students!$H:$H,$V3,Students!$I:$I,$V$2&if($K3="S1","a",if($K3="S2","b","")),Students!$A:$A,AQ$2)+countifs(Students!$J:$J,$V3,Students!$K:$K,$V$2&if($K3="S1","a",if($K3="S2","b","")),Students!$A:$A,AQ$2)+countifs(Students!$L:$L,$V3,Students!$M:$M,$V$2&if($K3="S1","a",if($K3="S2","b","")),Students!$A:$A,AQ$2)+countifs(Students!$N:$N,$V3,Students!$O:$O,$V$2&if($K3="S1","a",if($K3="S2","b","")),Students!$A:$A,AQ$2)+countifs(Students!$P:$P,$V3,Students!$Q:$Q,$V$2&if($K3="S1","a",if($K3="S2","b","")),Students!$A:$A,AQ$2)+countifs(Students!$R:$R,$V3,Students!$S:$S,$V$2&if($K3="S1","a",if($K3="S2","b","")),Students!$A:$A,AQ$2)+countifs(Students!$T:$T,$V3,Students!$U:$U,$V$2&if($K3="S1","a",if($K3="S2","b","")),Students!$A:$A,AQ$2)+countifs(Students!$V:$V,$V3,Students!$W:$W,$V$2&if($K3="S1","a",if($K3="S2","b","")),Students!$A:$A,AQ$2)+ countifs(Students!$D:$D,$Y3,Students!$E:$E,$Y$2&if($K3="S1","a",if($K3="S2","b","")),Students!$A:$A,AQ$2)+countifs(Students!$F:$F,$Y3,Students!$G:$G,$Y$2&if($K3="S1","a",if($K3="S2","b","")),Students!$A:$A,AQ$2)+countifs(Students!$H:$H,$Y3,Students!$I:$I,$Y$2&if($K3="S1","a",if($K3="S2","b","")),Students!$A:$A,AQ$2)+countifs(Students!$J:$J,$Y3,Students!$K:$K,$Y$2&if($K3="S1","a",if($K3="S2","b","")),Students!$A:$A,AQ$2)+countifs(Students!$L:$L,$Y3,Students!$M:$M,$Y$2&if($K3="S1","a",if($K3="S2","b","")),Students!$A:$A,AQ$2)+countifs(Students!$N:$N,$Y3,Students!$O:$O,$Y$2&if($K3="S1","a",if($K3="S2","b","")),Students!$A:$A,AQ$2)+countifs(Students!$P:$P,$Y3,Students!$Q:$Q,$Y$2&if($K3="S1","a",if($K3="S2","b","")),Students!$A:$A,AQ$2)+countifs(Students!$R:$R,$Y3,Students!$S:$S,$Y$2&if($K3="S1","a",if($K3="S2","b","")),Students!$A:$A,AQ$2)+countifs(Students!$T:$T,$Y3,Students!$U:$U,$Y$2&if($K3="S1","a",if($K3="S2","b","")),Students!$A:$A,AQ$2)+countifs(Students!$V:$V,$Y3,Students!$W:$W,$Y$2&if($K3="S1","a",if($K3="S2","b","")),Students!$A:$A,AQ$2)+ countifs(Students!$D:$D,$AB3,Students!$E:$E,$AB$2&if($K3="S1","a",if($K3="S2","b","")),Students!$A:$A,AQ$2)+countifs(Students!$F:$F,$AB3,Students!$G:$G,$AB$2&if($K3="S1","a",if($K3="S2","b","")),Students!$A:$A,AQ$2)+countifs(Students!$H:$H,$AB3,Students!$I:$I,$AB$2&if($K3="S1","a",if($K3="S2","b","")),Students!$A:$A,AQ$2)+countifs(Students!$J:$J,$AB3,Students!$K:$K,$AB$2&if($K3="S1","a",if($K3="S2","b","")),Students!$A:$A,AQ$2)+countifs(Students!$L:$L,$AB3,Students!$M:$M,$AB$2&if($K3="S1","a",if($K3="S2","b","")),Students!$A:$A,AQ$2)+countifs(Students!$N:$N,$AB3,Students!$O:$O,$AB$2&if($K3="S1","a",if($K3="S2","b","")),Students!$A:$A,AQ$2)+countifs(Students!$P:$P,$AB3,Students!$Q:$Q,$AB$2&if($K3="S1","a",if($K3="S2","b","")),Students!$A:$A,AQ$2)+countifs(Students!$R:$R,$AB3,Students!$S:$S,$AB$2&if($K3="S1","a",if($K3="S2","b","")),Students!$A:$A,AQ$2)+countifs(Students!$T:$T,$AB3,Students!$U:$U,$AB$2&if($K3="S1","a",if($K3="S2","b","")),Students!$A:$A,AQ$2)+countifs(Students!$V:$V,$AB3,Students!$W:$W,$AB$2&if($K3="S1","a",if($K3="S2","b","")),Students!$A:$A,AQ$2)+ countifs(Students!$D:$D,$AE3,Students!$E:$E,$AE$2&if($K3="S1","a",if($K3="S2","b","")),Students!$A:$A,AQ$2)+countifs(Students!$F:$F,$AE3,Students!$G:$G,$AE$2&if($K3="S1","a",if($K3="S2","b","")),Students!$A:$A,AQ$2)+countifs(Students!$H:$H,$AE3,Students!$I:$I,$AE$2&if($K3="S1","a",if($K3="S2","b","")),Students!$A:$A,AQ$2)+countifs(Students!$J:$J,$AE3,Students!$K:$K,$AE$2&if($K3="S1","a",if($K3="S2","b","")),Students!$A:$A,AQ$2)+countifs(Students!$L:$L,$AE3,Students!$M:$M,$AE$2&if($K3="S1","a",if($K3="S2","b","")),Students!$A:$A,AQ$2)+countifs(Students!$N:$N,$AE3,Students!$O:$O,$AE$2&if($K3="S1","a",if($K3="S2","b","")),Students!$A:$A,AQ$2)+countifs(Students!$P:$P,$AE3,Students!$Q:$Q,$AE$2&if($K3="S1","a",if($K3="S2","b","")),Students!$A:$A,AQ$2)+countifs(Students!$R:$R,$AE3,Students!$S:$S,$AE$2&if($K3="S1","a",if($K3="S2","b","")),Students!$A:$A,AQ$2)+countifs(Students!$T:$T,$AE3,Students!$U:$U,$AE$2&if($K3="S1","a",if($K3="S2","b","")),Students!$A:$A,AQ$2)+countifs(Students!$V:$V,$AE3,Students!$W:$W,$AE$2&if($K3="S1","a",if($K3="S2","b","")),Students!$A:$A,AQ$2)+ countifs(Students!$D:$D,$AH3,Students!$E:$E,$AH$2&if($K3="S1","a",if($K3="S2","b","")),Students!$A:$A,AQ$2)+countifs(Students!$F:$F,$AH3,Students!$G:$G,$AH$2&if($K3="S1","a",if($K3="S2","b","")),Students!$A:$A,AQ$2)+countifs(Students!$H:$H,$AH3,Students!$I:$I,$AH$2&if($K3="S1","a",if($K3="S2","b","")),Students!$A:$A,AQ$2)+countifs(Students!$J:$J,$AH3,Students!$K:$K,$AH$2&if($K3="S1","a",if($K3="S2","b","")),Students!$A:$A,AQ$2)+countifs(Students!$L:$L,$AH3,Students!$M:$M,$AH$2&if($K3="S1","a",if($K3="S2","b","")),Students!$A:$A,AQ$2)+countifs(Students!$N:$N,$AH3,Students!$O:$O,$AH$2&if($K3="S1","a",if($K3="S2","b","")),Students!$A:$A,AQ$2)+countifs(Students!$P:$P,$AH3,Students!$Q:$Q,$AH$2&if($K3="S1","a",if($K3="S2","b","")),Students!$A:$A,AQ$2)+countifs(Students!$R:$R,$AH3,Students!$S:$S,$AH$2&if($K3="S1","a",if($K3="S2","b","")),Students!$A:$A,AQ$2)+countifs(Students!$T:$T,$AH3,Students!$U:$U,$AH$2&if($K3="S1","a",if($K3="S2","b","")),Students!$A:$A,AQ$2)+countifs(Students!$V:$V,$AH3,Students!$W:$W,$AH$2&if($K3="S1","a",if($K3="S2","b","")),Students!$A:$A,AQ$2)+ countifs(Students!$D:$D,$AK3,Students!$E:$E,$AK$2&if($K3="S1","a",if($K3="S2","b","")),Students!$A:$A,AQ$2)+countifs(Students!$F:$F,$AK3,Students!$G:$G,$AK$2&if($K3="S1","a",if($K3="S2","b","")),Students!$A:$A,AQ$2)+countifs(Students!$H:$H,$AK3,Students!$I:$I,$AK$2&if($K3="S1","a",if($K3="S2","b","")),Students!$A:$A,AQ$2)+countifs(Students!$J:$J,$AK3,Students!$K:$K,$AK$2&if($K3="S1","a",if($K3="S2","b","")),Students!$A:$A,AQ$2)+countifs(Students!$L:$L,$AK3,Students!$M:$M,$AK$2&if($K3="S1","a",if($K3="S2","b","")),Students!$A:$A,AQ$2)+countifs(Students!$N:$N,$AK3,Students!$O:$O,$AK$2&if($K3="S1","a",if($K3="S2","b","")),Students!$A:$A,AQ$2)+countifs(Students!$P:$P,$AK3,Students!$Q:$Q,$AK$2&if($K3="S1","a",if($K3="S2","b","")),Students!$A:$A,AQ$2)+countifs(Students!$R:$R,$AK3,Students!$S:$S,$AK$2&if($K3="S1","a",if($K3="S2","b","")),Students!$A:$A,AQ$2)+countifs(Students!$T:$T,$AK3,Students!$U:$U,$AK$2&if($K3="S1","a",if($K3="S2","b","")),Students!$A:$A,AQ$2)+countifs(Students!$V:$V,$AK3,Students!$W:$W,$AK$2&if($K3="S1","a",if($K3="S2","b","")),Students!$A:$A,AQ$2)) -> 33 | AR3: =if($L3="","",countifs(Students!$D:$D,$P3,Students!$E:$E,$P$2&if($K3="S1","a",if($K3="S2","b","")),Students!$A:$A,AR$2)+countifs(Students!$F:$F,$P3,Students!$G:$G,$P$2&if($K3="S1","a",if($K3="S2","b","")),Students!$A:$A,AR$2)+countifs(Students!$H:$H,$P3,Students!$I:$I,$P$2&if($K3="S1","a",if($K3="S2","b","")),Students!$A:$A,AR$2)+countifs(Students!$J:$J,$P3,Students!$K:$K,$P$2&if($K3="S1","a",if($K3="S2","b","")),Students!$A:$A,AR$2)+countifs(Students!$L:$L,$P3,Students!$M:$M,$P$2&if($K3="S1","a",if($K3="S2","b","")),Students!$A:$A,AR$2)+countifs(Students!$N:$N,$P3,Students!$O:$O,$P$2&if($K3="S1","a",if($K3="S2","b","")),Students!$A:$A,AR$2)+countifs(Students!$P:$P,$P3,Students!$Q:$Q,$P$2&if($K3="S1","a",if($K3="S2","b","")),Students!$A:$A,AR$2)+countifs(Students!$R:$R,$P3,Students!$S:$S,$P$2&if($K3="S1","a",if($K3="S2","b","")),Students!$A:$A,AR$2)+countifs(Students!$T:$T,$P3,Students!$U:$U,$P$2&if($K3="S1","a",if($K3="S2","b","")),Students!$A:$A,AR$2)+countifs(Students!$V:$V,$P3,Students!$W:$W,$P$2&if($K3="S1","a",if($K3="S2","b","")),Students!$A:$A,AR$2)+ countifs(Students!$D:$D,$S3,Students!$E:$E,$S$2&if($K3="S1","a",if($K3="S2","b","")),Students!$A:$A,AR$2)+countifs(Students!$F:$F,$S3,Students!$G:$G,$S$2&if($K3="S1","a",if($K3="S2","b","")),Students!$A:$A,AR$2)+countifs(Students!$H:$H,$S3,Students!$I:$I,$S$2&if($K3="S1","a",if($K3="S2","b","")),Students!$A:$A,AR$2)+countifs(Students!$J:$J,$S3,Students!$K:$K,$S$2&if($K3="S1","a",if($K3="S2","b","")),Students!$A:$A,AR$2)+countifs(Students!$L:$L,$S3,Students!$M:$M,$S$2&if($K3="S1","a",if($K3="S2","b","")),Students!$A:$A,AR$2)+countifs(Students!$N:$N,$S3,Students!$O:$O,$S$2&if($K3="S1","a",if($K3="S2","b","")),Students!$A:$A,AR$2)+countifs(Students!$P:$P,$S3,Students!$Q:$Q,$S$2&if($K3="S1","a",if($K3="S2","b","")),Students!$A:$A,AR$2)+countifs(Students!$R:$R,$S3,Students!$S:$S,$S$2&if($K3="S1","a",if($K3="S2","b","")),Students!$A:$A,AR$2)+countifs(Students!$T:$T,$S3,Students!$U:$U,$S$2&if($K3="S1","a",if($K3="S2","b","")),Students!$A:$A,AR$2)+countifs(Students!$V:$V,$S3,Students!$W:$W,$S$2&if($K3="S1","a",if($K3="S2","b","")),Students!$A:$A,AR$2)+ countifs(Students!$D:$D,$V3,Students!$E:$E,$V$2&if($K3="S1","a",if($K3="S2","b","")),Students!$A:$A,AR$2)+countifs(Students!$F:$F,$V3,Students!$G:$G,$V$2&if($K3="S1","a",if($K3="S2","b","")),Students!$A:$A,AR$2)+countifs(Students!$H:$H,$V3,Students!$I:$I,$V$2&if($K3="S1","a",if($K3="S2","b","")),Students!$A:$A,AR$2)+countifs(Students!$J:$J,$V3,Students!$K:$K,$V$2&if($K3="S1","a",if($K3="S2","b","")),Students!$A:$A,AR$2)+countifs(Students!$L:$L,$V3,Students!$M:$M,$V$2&if($K3="S1","a",if($K3="S2","b","")),Students!$A:$A,AR$2)+countifs(Students!$N:$N,$V3,Students!$O:$O,$V$2&if($K3="S1","a",if($K3="S2","b","")),Students!$A:$A,AR$2)+countifs(Students!$P:$P,$V3,Students!$Q:$Q,$V$2&if($K3="S1","a",if($K3="S2","b","")),Students!$A:$A,AR$2)+countifs(Students!$R:$R,$V3,Students!$S:$S,$V$2&if($K3="S1","a",if($K3="S2","b","")),Students!$A:$A,AR$2)+countifs(Students!$T:$T,$V3,Students!$U:$U,$V$2&if($K3="S1","a",if($K3="S2","b","")),Students!$A:$A,AR$2)+countifs(Students!$V:$V,$V3,Students!$W:$W,$V$2&if($K3="S1","a",if($K3="S2","b","")),Students!$A:$A,AR$2)+ countifs(Students!$D:$D,$Y3,Students!$E:$E,$Y$2&if($K3="S1","a",if($K3="S2","b","")),Students!$A:$A,AR$2)+countifs(Students!$F:$F,$Y3,Students!$G:$G,$Y$2&if($K3="S1","a",if($K3="S2","b","")),Students!$A:$A,AR$2)+countifs(Students!$H:$H,$Y3,Students!$I:$I,$Y$2&if($K3="S1","a",if($K3="S2","b","")),Students!$A:$A,AR$2)+countifs(Students!$J:$J,$Y3,Students!$K:$K,$Y$2&if($K3="S1","a",if($K3="S2","b","")),Students!$A:$A,AR$2)+countifs(Students!$L:$L,$Y3,Students!$M:$M,$Y$2&if($K3="S1","a",if($K3="S2","b","")),Students!$A:$A,AR$2)+countifs(Students!$N:$N,$Y3,Students!$O:$O,$Y$2&if($K3="S1","a",if($K3="S2","b","")),Students!$A:$A,AR$2)+countifs(Students!$P:$P,$Y3,Students!$Q:$Q,$Y$2&if($K3="S1","a",if($K3="S2","b","")),Students!$A:$A,AR$2)+countifs(Students!$R:$R,$Y3,Students!$S:$S,$Y$2&if($K3="S1","a",if($K3="S2","b","")),Students!$A:$A,AR$2)+countifs(Students!$T:$T,$Y3,Students!$U:$U,$Y$2&if($K3="S1","a",if($K3="S2","b","")),Students!$A:$A,AR$2)+countifs(Students!$V:$V,$Y3,Students!$W:$W,$Y$2&if($K3="S1","a",if($K3="S2","b","")),Students!$A:$A,AR$2)+ countifs(Students!$D:$D,$AB3,Students!$E:$E,$AB$2&if($K3="S1","a",if($K3="S2","b","")),Students!$A:$A,AR$2)+countifs(Students!$F:$F,$AB3,Students!$G:$G,$AB$2&if($K3="S1","a",if($K3="S2","b","")),Students!$A:$A,AR$2)+countifs(Students!$H:$H,$AB3,Students!$I:$I,$AB$2&if($K3="S1","a",if($K3="S2","b","")),Students!$A:$A,AR$2)+countifs(Students!$J:$J,$AB3,Students!$K:$K,$AB$2&if($K3="S1","a",if($K3="S2","b","")),Students!$A:$A,AR$2)+countifs(Students!$L:$L,$AB3,Students!$M:$M,$AB$2&if($K3="S1","a",if($K3="S2","b","")),Students!$A:$A,AR$2)+countifs(Students!$N:$N,$AB3,Students!$O:$O,$AB$2&if($K3="S1","a",if($K3="S2","b","")),Students!$A:$A,AR$2)+countifs(Students!$P:$P,$AB3,Students!$Q:$Q,$AB$2&if($K3="S1","a",if($K3="S2","b","")),Students!$A:$A,AR$2)+countifs(Students!$R:$R,$AB3,Students!$S:$S,$AB$2&if($K3="S1","a",if($K3="S2","b","")),Students!$A:$A,AR$2)+countifs(Students!$T:$T,$AB3,Students!$U:$U,$AB$2&if($K3="S1","a",if($K3="S2","b","")),Students!$A:$A,AR$2)+countifs(Students!$V:$V,$AB3,Students!$W:$W,$AB$2&if($K3="S1","a",if($K3="S2","b","")),Students!$A:$A,AR$2)+ countifs(Students!$D:$D,$AE3,Students!$E:$E,$AE$2&if($K3="S1","a",if($K3="S2","b","")),Students!$A:$A,AR$2)+countifs(Students!$F:$F,$AE3,Students!$G:$G,$AE$2&if($K3="S1","a",if($K3="S2","b","")),Students!$A:$A,AR$2)+countifs(Students!$H:$H,$AE3,Students!$I:$I,$AE$2&if($K3="S1","a",if($K3="S2","b","")),Students!$A:$A,AR$2)+countifs(Students!$J:$J,$AE3,Students!$K:$K,$AE$2&if($K3="S1","a",if($K3="S2","b","")),Students!$A:$A,AR$2)+countifs(Students!$L:$L,$AE3,Students!$M:$M,$AE$2&if($K3="S1","a",if($K3="S2","b","")),Students!$A:$A,AR$2)+countifs(Students!$N:$N,$AE3,Students!$O:$O,$AE$2&if($K3="S1","a",if($K3="S2","b","")),Students!$A:$A,AR$2)+countifs(Students!$P:$P,$AE3,Students!$Q:$Q,$AE$2&if($K3="S1","a",if($K3="S2","b","")),Students!$A:$A,AR$2)+countifs(Students!$R:$R,$AE3,Students!$S:$S,$AE$2&if($K3="S1","a",if($K3="S2","b","")),Students!$A:$A,AR$2)+countifs(Students!$T:$T,$AE3,Students!$U:$U,$AE$2&if($K3="S1","a",if($K3="S2","b","")),Students!$A:$A,AR$2)+countifs(Students!$V:$V,$AE3,Students!$W:$W,$AE$2&if($K3="S1","a",if($K3="S2","b","")),Students!$A:$A,AR$2)+ countifs(Students!$D:$D,$AH3,Students!$E:$E,$AH$2&if($K3="S1","a",if($K3="S2","b","")),Students!$A:$A,AR$2)+countifs(Students!$F:$F,$AH3,Students!$G:$G,$AH$2&if($K3="S1","a",if($K3="S2","b","")),Students!$A:$A,AR$2)+countifs(Students!$H:$H,$AH3,Students!$I:$I,$AH$2&if($K3="S1","a",if($K3="S2","b","")),Students!$A:$A,AR$2)+countifs(Students!$J:$J,$AH3,Students!$K:$K,$AH$2&if($K3="S1","a",if($K3="S2","b","")),Students!$A:$A,AR$2)+countifs(Students!$L:$L,$AH3,Students!$M:$M,$AH$2&if($K3="S1","a",if($K3="S2","b","")),Students!$A:$A,AR$2)+countifs(Students!$N:$N,$AH3,Students!$O:$O,$AH$2&if($K3="S1","a",if($K3="S2","b","")),Students!$A:$A,AR$2)+countifs(Students!$P:$P,$AH3,Students!$Q:$Q,$AH$2&if($K3="S1","a",if($K3="S2","b","")),Students!$A:$A,AR$2)+countifs(Students!$R:$R,$AH3,Students!$S:$S,$AH$2&if($K3="S1","a",if($K3="S2","b","")),Students!$A:$A,AR$2)+countifs(Students!$T:$T,$AH3,Students!$U:$U,$AH$2&if($K3="S1","a",if($K3="S2","b","")),Students!$A:$A,AR$2)+countifs(Students!$V:$V,$AH3,Students!$W:$W,$AH$2&if($K3="S1","a",if($K3="S2","b","")),Students!$A:$A,AR$2)+ countifs(Students!$D:$D,$AK3,Students!$E:$E,$AK$2&if($K3="S1","a",if($K3="S2","b","")),Students!$A:$A,AR$2)+countifs(Students!$F:$F,$AK3,Students!$G:$G,$AK$2&if($K3="S1","a",if($K3="S2","b","")),Students!$A:$A,AR$2)+countifs(Students!$H:$H,$AK3,Students!$I:$I,$AK$2&if($K3="S1","a",if($K3="S2","b","")),Students!$A:$A,AR$2)+countifs(Students!$J:$J,$AK3,Students!$K:$K,$AK$2&if($K3="S1","a",if($K3="S2","b","")),Students!$A:$A,AR$2)+countifs(Students!$L:$L,$AK3,Students!$M:$M,$AK$2&if($K3="S1","a",if($K3="S2","b","")),Students!$A:$A,AR$2)+countifs(Students!$N:$N,$AK3,Students!$O:$O,$AK$2&if($K3="S1","a",if($K3="S2","b","")),Students!$A:$A,AR$2)+countifs(Students!$P:$P,$AK3,Students!$Q:$Q,$AK$2&if($K3="S1","a",if($K3="S2","b","")),Students!$A:$A,AR$2)+countifs(Students!$R:$R,$AK3,Students!$S:$S,$AK$2&if($K3="S1","a",if($K3="S2","b","")),Students!$A:$A,AR$2)+countifs(Students!$T:$T,$AK3,Students!$U:$U,$AK$2&if($K3="S1","a",if($K3="S2","b","")),Students!$A:$A,AR$2)+countifs(Students!$V:$V,$AK3,Students!$W:$W,$AK$2&if($K3="S1","a",if($K3="S2","b","")),Students!$A:$A,AR$2)) -> 44 | AS3: =if($L3="","",countifs(Students!$D:$D,$P3,Students!$E:$E,$P$2&if($K3="S1","a",if($K3="S2","b","")),Students!$A:$A,AS$2)+countifs(Students!$F:$F,$P3,Students!$G:$G,$P$2&if($K3="S1","a",if($K3="S2","b","")),Students!$A:$A,AS$2)+countifs(Students!$H:$H,$P3,Students!$I:$I,$P$2&if($K3="S1","a",if($K3="S2","b","")),Students!$A:$A,AS$2)+countifs(Students!$J:$J,$P3,Students!$K:$K,$P$2&if($K3="S1","a",if($K3="S2","b","")),Students!$A:$A,AS$2)+countifs(Students!$L:$L,$P3,Students!$M:$M,$P$2&if($K3="S1","a",if($K3="S2","b","")),Students!$A:$A,AS$2)+countifs(Students!$N:$N,$P3,Students!$O:$O,$P$2&if($K3="S1","a",if($K3="S2","b","")),Students!$A:$A,AS$2)+countifs(Students!$P:$P,$P3,Students!$Q:$Q,$P$2&if($K3="S1","a",if($K3="S2","b","")),Students!$A:$A,AS$2)+countifs(Students!$R:$R,$P3,Students!$S:$S,$P$2&if($K3="S1","a",if($K3="S2","b","")),Students!$A:$A,AS$2)+countifs(Students!$T:$T,$P3,Students!$U:$U,$P$2&if($K3="S1","a",if($K3="S2","b","")),Students!$A:$A,AS$2)+countifs(Students!$V:$V,$P3,Students!$W:$W,$P$2&if($K3="S1","a",if($K3="S2","b","")),Students!$A:$A,AS$2)+ countifs(Students!$D:$D,$S3,Students!$E:$E,$S$2&if($K3="S1","a",if($K3="S2","b","")),Students!$A:$A,AS$2)+countifs(Students!$F:$F,$S3,Students!$G:$G,$S$2&if($K3="S1","a",if($K3="S2","b","")),Students!$A:$A,AS$2)+countifs(Students!$H:$H,$S3,Students!$I:$I,$S$2&if($K3="S1","a",if($K3="S2","b","")),Students!$A:$A,AS$2)+countifs(Students!$J:$J,$S3,Students!$K:$K,$S$2&if($K3="S1","a",if($K3="S2","b","")),Students!$A:$A,AS$2)+countifs(Students!$L:$L,$S3,Students!$M:$M,$S$2&if($K3="S1","a",if($K3="S2","b","")),Students!$A:$A,AS$2)+countifs(Students!$N:$N,$S3,Students!$O:$O,$S$2&if($K3="S1","a",if($K3="S2","b","")),Students!$A:$A,AS$2)+countifs(Students!$P:$P,$S3,Students!$Q:$Q,$S$2&if($K3="S1","a",if($K3="S2","b","")),Students!$A:$A,AS$2)+countifs(Students!$R:$R,$S3,Students!$S:$S,$S$2&if($K3="S1","a",if($K3="S2","b","")),Students!$A:$A,AS$2)+countifs(Students!$T:$T,$S3,Students!$U:$U,$S$2&if($K3="S1","a",if($K3="S2","b","")),Students!$A:$A,AS$2)+countifs(Students!$V:$V,$S3,Students!$W:$W,$S$2&if($K3="S1","a",if($K3="S2","b","")),Students!$A:$A,AS$2)+ countifs(Students!$D:$D,$V3,Students!$E:$E,$V$2&if($K3="S1","a",if($K3="S2","b","")),Students!$A:$A,AS$2)+countifs(Students!$F:$F,$V3,Students!$G:$G,$V$2&if($K3="S1","a",if($K3="S2","b","")),Students!$A:$A,AS$2)+countifs(Students!$H:$H,$V3,Students!$I:$I,$V$2&if($K3="S1","a",if($K3="S2","b","")),Students!$A:$A,AS$2)+countifs(Students!$J:$J,$V3,Students!$K:$K,$V$2&if($K3="S1","a",if($K3="S2","b","")),Students!$A:$A,AS$2)+countifs(Students!$L:$L,$V3,Students!$M:$M,$V$2&if($K3="S1","a",if($K3="S2","b","")),Students!$A:$A,AS$2)+countifs(Students!$N:$N,$V3,Students!$O:$O,$V$2&if($K3="S1","a",if($K3="S2","b","")),Students!$A:$A,AS$2)+countifs(Students!$P:$P,$V3,Students!$Q:$Q,$V$2&if($K3="S1","a",if($K3="S2","b","")),Students!$A:$A,AS$2)+countifs(Students!$R:$R,$V3,Students!$S:$S,$V$2&if($K3="S1","a",if($K3="S2","b","")),Students!$A:$A,AS$2)+countifs(Students!$T:$T,$V3,Students!$U:$U,$V$2&if($K3="S1","a",if($K3="S2","b","")),Students!$A:$A,AS$2)+countifs(Students!$V:$V,$V3,Students!$W:$W,$V$2&if($K3="S1","a",if($K3="S2","b","")),Students!$A:$A,AS$2)+ countifs(Students!$D:$D,$Y3,Students!$E:$E,$Y$2&if($K3="S1","a",if($K3="S2","b","")),Students!$A:$A,AS$2)+countifs(Students!$F:$F,$Y3,Students!$G:$G,$Y$2&if($K3="S1","a",if($K3="S2","b","")),Students!$A:$A,AS$2)+countifs(Students!$H:$H,$Y3,Students!$I:$I,$Y$2&if($K3="S1","a",if($K3="S2","b","")),Students!$A:$A,AS$2)+countifs(Students!$J:$J,$Y3,Students!$K:$K,$Y$2&if($K3="S1","a",if($K3="S2","b","")),Students!$A:$A,AS$2)+countifs(Students!$L:$L,$Y3,Students!$M:$M,$Y$2&if($K3="S1","a",if($K3="S2","b","")),Students!$A:$A,AS$2)+countifs(Students!$N:$N,$Y3,Students!$O:$O,$Y$2&if($K3="S1","a",if($K3="S2","b","")),Students!$A:$A,AS$2)+countifs(Students!$P:$P,$Y3,Students!$Q:$Q,$Y$2&if($K3="S1","a",if($K3="S2","b","")),Students!$A:$A,AS$2)+countifs(Students!$R:$R,$Y3,Students!$S:$S,$Y$2&if($K3="S1","a",if($K3="S2","b","")),Students!$A:$A,AS$2)+countifs(Students!$T:$T,$Y3,Students!$U:$U,$Y$2&if($K3="S1","a",if($K3="S2","b","")),Students!$A:$A,AS$2)+countifs(Students!$V:$V,$Y3,Students!$W:$W,$Y$2&if($K3="S1","a",if($K3="S2","b","")),Students!$A:$A,AS$2)+ countifs(Students!$D:$D,$AB3,Students!$E:$E,$AB$2&if($K3="S1","a",if($K3="S2","b","")),Students!$A:$A,AS$2)+countifs(Students!$F:$F,$AB3,Students!$G:$G,$AB$2&if($K3="S1","a",if($K3="S2","b","")),Students!$A:$A,AS$2)+countifs(Students!$H:$H,$AB3,Students!$I:$I,$AB$2&if($K3="S1","a",if($K3="S2","b","")),Students!$A:$A,AS$2)+countifs(Students!$J:$J,$AB3,Students!$K:$K,$AB$2&if($K3="S1","a",if($K3="S2","b","")),Students!$A:$A,AS$2)+countifs(Students!$L:$L,$AB3,Students!$M:$M,$AB$2&if($K3="S1","a",if($K3="S2","b","")),Students!$A:$A,AS$2)+countifs(Students!$N:$N,$AB3,Students!$O:$O,$AB$2&if($K3="S1","a",if($K3="S2","b","")),Students!$A:$A,AS$2)+countifs(Students!$P:$P,$AB3,Students!$Q:$Q,$AB$2&if($K3="S1","a",if($K3="S2","b","")),Students!$A:$A,AS$2)+countifs(Students!$R:$R,$AB3,Students!$S:$S,$AB$2&if($K3="S1","a",if($K3="S2","b","")),Students!$A:$A,AS$2)+countifs(Students!$T:$T,$AB3,Students!$U:$U,$AB$2&if($K3="S1","a",if($K3="S2","b","")),Students!$A:$A,AS$2)+countifs(Students!$V:$V,$AB3,Students!$W:$W,$AB$2&if($K3="S1","a",if($K3="S2","b","")),Students!$A:$A,AS$2)+ countifs(Students!$D:$D,$AE3,Students!$E:$E,$AE$2&if($K3="S1","a",if($K3="S2","b","")),Students!$A:$A,AS$2)+countifs(Students!$F:$F,$AE3,Students!$G:$G,$AE$2&if($K3="S1","a",if($K3="S2","b","")),Students!$A:$A,AS$2)+countifs(Students!$H:$H,$AE3,Students!$I:$I,$AE$2&if($K3="S1","a",if($K3="S2","b","")),Students!$A:$A,AS$2)+countifs(Students!$J:$J,$AE3,Students!$K:$K,$AE$2&if($K3="S1","a",if($K3="S2","b","")),Students!$A:$A,AS$2)+countifs(Students!$L:$L,$AE3,Students!$M:$M,$AE$2&if($K3="S1","a",if($K3="S2","b","")),Students!$A:$A,AS$2)+countifs(Students!$N:$N,$AE3,Students!$O:$O,$AE$2&if($K3="S1","a",if($K3="S2","b","")),Students!$A:$A,AS$2)+countifs(Students!$P:$P,$AE3,Students!$Q:$Q,$AE$2&if($K3="S1","a",if($K3="S2","b","")),Students!$A:$A,AS$2)+countifs(Students!$R:$R,$AE3,Students!$S:$S,$AE$2&if($K3="S1","a",if($K3="S2","b","")),Students!$A:$A,AS$2)+countifs(Students!$T:$T,$AE3,Students!$U:$U,$AE$2&if($K3="S1","a",if($K3="S2","b","")),Students!$A:$A,AS$2)+countifs(Students!$V:$V,$AE3,Students!$W:$W,$AE$2&if($K3="S1","a",if($K3="S2","b","")),Students!$A:$A,AS$2)+ countifs(Students!$D:$D,$AH3,Students!$E:$E,$AH$2&if($K3="S1","a",if($K3="S2","b","")),Students!$A:$A,AS$2)+countifs(Students!$F:$F,$AH3,Students!$G:$G,$AH$2&if($K3="S1","a",if($K3="S2","b","")),Students!$A:$A,AS$2)+countifs(Students!$H:$H,$AH3,Students!$I:$I,$AH$2&if($K3="S1","a",if($K3="S2","b","")),Students!$A:$A,AS$2)+countifs(Students!$J:$J,$AH3,Students!$K:$K,$AH$2&if($K3="S1","a",if($K3="S2","b","")),Students!$A:$A,AS$2)+countifs(Students!$L:$L,$AH3,Students!$M:$M,$AH$2&if($K3="S1","a",if($K3="S2","b","")),Students!$A:$A,AS$2)+countifs(Students!$N:$N,$AH3,Students!$O:$O,$AH$2&if($K3="S1","a",if($K3="S2","b","")),Students!$A:$A,AS$2)+countifs(Students!$P:$P,$AH3,Students!$Q:$Q,$AH$2&if($K3="S1","a",if($K3="S2","b","")),Students!$A:$A,AS$2)+countifs(Students!$R:$R,$AH3,Students!$S:$S,$AH$2&if($K3="S1","a",if($K3="S2","b","")),Students!$A:$A,AS$2)+countifs(Students!$T:$T,$AH3,Students!$U:$U,$AH$2&if($K3="S1","a",if($K3="S2","b","")),Students!$A:$A,AS$2)+countifs(Students!$V:$V,$AH3,Students!$W:$W,$AH$2&if($K3="S1","a",if($K3="S2","b","")),Students!$A:$A,AS$2)+ countifs(Students!$D:$D,$AK3,Students!$E:$E,$AK$2&if($K3="S1","a",if($K3="S2","b","")),Students!$A:$A,AS$2)+countifs(Students!$F:$F,$AK3,Students!$G:$G,$AK$2&if($K3="S1","a",if($K3="S2","b","")),Students!$A:$A,AS$2)+countifs(Students!$H:$H,$AK3,Students!$I:$I,$AK$2&if($K3="S1","a",if($K3="S2","b","")),Students!$A:$A,AS$2)+countifs(Students!$J:$J,$AK3,Students!$K:$K,$AK$2&if($K3="S1","a",if($K3="S2","b","")),Students!$A:$A,AS$2)+countifs(Students!$L:$L,$AK3,Students!$M:$M,$AK$2&if($K3="S1","a",if($K3="S2","b","")),Students!$A:$A,AS$2)+countifs(Students!$N:$N,$AK3,Students!$O:$O,$AK$2&if($K3="S1","a",if($K3="S2","b","")),Students!$A:$A,AS$2)+countifs(Students!$P:$P,$AK3,Students!$Q:$Q,$AK$2&if($K3="S1","a",if($K3="S2","b","")),Students!$A:$A,AS$2)+countifs(Students!$R:$R,$AK3,Students!$S:$S,$AK$2&if($K3="S1","a",if($K3="S2","b","")),Students!$A:$A,AS$2)+countifs(Students!$T:$T,$AK3,Students!$U:$U,$AK$2&if($K3="S1","a",if($K3="S2","b","")),Students!$A:$A,AS$2)+countifs(Students!$V:$V,$AK3,Students!$W:$W,$AK$2&if($K3="S1","a",if($K3="S2","b","")),Students!$A:$A,AS$2)) -> 20
B4: 2 | C4: 2 | D4: 7 | E4: 4 | F4: 1 | G4: 6 | J4: 123 | L4: Sofia Arcila | N4: 6 | O4: =IFERROR(__xludf.DUMMYFUNCTION("3*counta((transpose(filter(P4:AM4,P4:AM4<>"""",isnumber(P4:AM4)=false))))"),18.0) -> 18 | P4: AP 2-D Art and Design | Q4: 1 | R4: 17 | V4: Drawing I | W4: 2 | X4: 22 | Y4: Sculpture I | Z4: 2 | AA4: 21 | AE4: Mixed Media Art | AF4: 1 | AG4: 15 | AH4: Painting I | AI4: 1 | AJ4: 24 | AK4: Painting I | AL4: 2 | AM4: 24 | AO4: =if(L4="","",R4+U4+X4+AA4+AD4+AG4+AJ4+AM4) -> 123 | AP4: =if($L4="","",countifs(Students!$D:$D,$P4,Students!$E:$E,$P$2&if($K4="S1","a",if($K4="S2","b","")),Students!$A:$A,AP$2)+countifs(Students!$F:$F,$P4,Students!$G:$G,$P$2&if($K4="S1","a",if($K4="S2","b","")),Students!$A:$A,AP$2)+countifs(Students!$H:$H,$P4,Students!$I:$I,$P$2&if($K4="S1","a",if($K4="S2","b","")),Students!$A:$A,AP$2)+countifs(Students!$J:$J,$P4,Students!$K:$K,$P$2&if($K4="S1","a",if($K4="S2","b","")),Students!$A:$A,AP$2)+countifs(Students!$L:$L,$P4,Students!$M:$M,$P$2&if($K4="S1","a",if($K4="S2","b","")),Students!$A:$A,AP$2)+countifs(Students!$N:$N,$P4,Students!$O:$O,$P$2&if($K4="S1","a",if($K4="S2","b","")),Students!$A:$A,AP$2)+countifs(Students!$P:$P,$P4,Students!$Q:$Q,$P$2&if($K4="S1","a",if($K4="S2","b","")),Students!$A:$A,AP$2)+countifs(Students!$R:$R,$P4,Students!$S:$S,$P$2&if($K4="S1","a",if($K4="S2","b","")),Students!$A:$A,AP$2)+countifs(Students!$T:$T,$P4,Students!$U:$U,$P$2&if($K4="S1","a",if($K4="S2","b","")),Students!$A:$A,AP$2)+countifs(Students!$V:$V,$P4,Students!$W:$W,$P$2&if($K4="S1","a",if($K4="S2","b","")),Students!$A:$A,AP$2)+ countifs(Students!$D:$D,$S4,Students!$E:$E,$S$2&if($K4="S1","a",if($K4="S2","b","")),Students!$A:$A,AP$2)+countifs(Students!$F:$F,$S4,Students!$G:$G,$S$2&if($K4="S1","a",if($K4="S2","b","")),Students!$A:$A,AP$2)+countifs(Students!$H:$H,$S4,Students!$I:$I,$S$2&if($K4="S1","a",if($K4="S2","b","")),Students!$A:$A,AP$2)+countifs(Students!$J:$J,$S4,Students!$K:$K,$S$2&if($K4="S1","a",if($K4="S2","b","")),Students!$A:$A,AP$2)+countifs(Students!$L:$L,$S4,Students!$M:$M,$S$2&if($K4="S1","a",if($K4="S2","b","")),Students!$A:$A,AP$2)+countifs(Students!$N:$N,$S4,Students!$O:$O,$S$2&if($K4="S1","a",if($K4="S2","b","")),Students!$A:$A,AP$2)+countifs(Students!$P:$P,$S4,Students!$Q:$Q,$S$2&if($K4="S1","a",if($K4="S2","b","")),Students!$A:$A,AP$2)+countifs(Students!$R:$R,$S4,Students!$S:$S,$S$2&if($K4="S1","a",if($K4="S2","b","")),Students!$A:$A,AP$2)+countifs(Students!$T:$T,$S4,Students!$U:$U,$S$2&if($K4="S1","a",if($K4="S2","b","")),Students!$A:$A,AP$2)+countifs(Students!$V:$V,$S4,Students!$W:$W,$S$2&if($K4="S1","a",if($K4="S2","b","")),Students!$A:$A,AP$2)+ countifs(Students!$D:$D,$V4,Students!$E:$E,$V$2&if($K4="S1","a",if($K4="S2","b","")),Students!$A:$A,AP$2)+countifs(Students!$F:$F,$V4,Students!$G:$G,$V$2&if($K4="S1","a",if($K4="S2","b","")),Students!$A:$A,AP$2)+countifs(Students!$H:$H,$V4,Students!$I:$I,$V$2&if($K4="S1","a",if($K4="S2","b","")),Students!$A:$A,AP$2)+countifs(Students!$J:$J,$V4,Students!$K:$K,$V$2&if($K4="S1","a",if($K4="S2","b","")),Students!$A:$A,AP$2)+countifs(Students!$L:$L,$V4,Students!$M:$M,$V$2&if($K4="S1","a",if($K4="S2","b","")),Students!$A:$A,AP$2)+countifs(Students!$N:$N,$V4,Students!$O:$O,$V$2&if($K4="S1","a",if($K4="S2","b","")),Students!$A:$A,AP$2)+countifs(Students!$P:$P,$V4,Students!$Q:$Q,$V$2&if($K4="S1","a",if($K4="S2","b","")),Students!$A:$A,AP$2)+countifs(Students!$R:$R,$V4,Students!$S:$S,$V$2&if($K4="S1","a",if($K4="S2","b","")),Students!$A:$A,AP$2)+countifs(Students!$T:$T,$V4,Students!$U:$U,$V$2&if($K4="S1","a",if($K4="S2","b","")),Students!$A:$A,AP$2)+countifs(Students!$V:$V,$V4,Students!$W:$W,$V$2&if($K4="S1","a",if($K4="S2","b","")),Students!$A:$A,AP$2)+ countifs(Students!$D:$D,$Y4,Students!$E:$E,$Y$2&if($K4="S1","a",if($K4="S2","b","")),Students!$A:$A,AP$2)+countifs(Students!$F:$F,$Y4,Students!$G:$G,$Y$2&if($K4="S1","a",if($K4="S2","b","")),Students!$A:$A,AP$2)+countifs(Students!$H:$H,$Y4,Students!$I:$I,$Y$2&if($K4="S1","a",if($K4="S2","b","")),Students!$A:$A,AP$2)+countifs(Students!$J:$J,$Y4,Students!$K:$K,$Y$2&if($K4="S1","a",if($K4="S2","b","")),Students!$A:$A,AP$2)+countifs(Students!$L:$L,$Y4,Students!$M:$M,$Y$2&if($K4="S1","a",if($K4="S2","b","")),Students!$A:$A,AP$2)+countifs(Students!$N:$N,$Y4,Students!$O:$O,$Y$2&if($K4="S1","a",if($K4="S2","b","")),Students!$A:$A,AP$2)+countifs(Students!$P:$P,$Y4,Students!$Q:$Q,$Y$2&if($K4="S1","a",if($K4="S2","b","")),Students!$A:$A,AP$2)+countifs(Students!$R:$R,$Y4,Students!$S:$S,$Y$2&if($K4="S1","a",if($K4="S2","b","")),Students!$A:$A,AP$2)+countifs(Students!$T:$T,$Y4,Students!$U:$U,$Y$2&if($K4="S1","a",if($K4="S2","b","")),Students!$A:$A,AP$2)+countifs(Students!$V:$V,$Y4,Students!$W:$W,$Y$2&if($K4="S1","a",if($K4="S2","b","")),Students!$A:$A,AP$2)+ countifs(Students!$D:$D,$AB4,Students!$E:$E,$AB$2&if($K4="S1","a",if($K4="S2","b","")),Students!$A:$A,AP$2)+countifs(Students!$F:$F,$AB4,Students!$G:$G,$AB$2&if($K4="S1","a",if($K4="S2","b","")),Students!$A:$A,AP$2)+countifs(Students!$H:$H,$AB4,Students!$I:$I,$AB$2&if($K4="S1","a",if($K4="S2","b","")),Students!$A:$A,AP$2)+countifs(Students!$J:$J,$AB4,Students!$K:$K,$AB$2&if($K4="S1","a",if($K4="S2","b","")),Students!$A:$A,AP$2)+countifs(Students!$L:$L,$AB4,Students!$M:$M,$AB$2&if($K4="S1","a",if($K4="S2","b","")),Students!$A:$A,AP$2)+countifs(Students!$N:$N,$AB4,Students!$O:$O,$AB$2&if($K4="S1","a",if($K4="S2","b","")),Students!$A:$A,AP$2)+countifs(Students!$P:$P,$AB4,Students!$Q:$Q,$AB$2&if($K4="S1","a",if($K4="S2","b","")),Students!$A:$A,AP$2)+countifs(Students!$R:$R,$AB4,Students!$S:$S,$AB$2&if($K4="S1","a",if($K4="S2","b","")),Students!$A:$A,AP$2)+countifs(Students!$T:$T,$AB4,Students!$U:$U,$AB$2&if($K4="S1","a",if($K4="S2","b","")),Students!$A:$A,AP$2)+countifs(Students!$V:$V,$AB4,Students!$W:$W,$AB$2&if($K4="S1","a",if($K4="S2","b","")),Students!$A:$A,AP$2)+ countifs(Students!$D:$D,$AE4,Students!$E:$E,$AE$2&if($K4="S1","a",if($K4="S2","b","")),Students!$A:$A,AP$2)+countifs(Students!$F:$F,$AE4,Students!$G:$G,$AE$2&if($K4="S1","a",if($K4="S2","b","")),Students!$A:$A,AP$2)+countifs(Students!$H:$H,$AE4,Students!$I:$I,$AE$2&if($K4="S1","a",if($K4="S2","b","")),Students!$A:$A,AP$2)+countifs(Students!$J:$J,$AE4,Students!$K:$K,$AE$2&if($K4="S1","a",if($K4="S2","b","")),Students!$A:$A,AP$2)+countifs(Students!$L:$L,$AE4,Students!$M:$M,$AE$2&if($K4="S1","a",if($K4="S2","b","")),Students!$A:$A,AP$2)+countifs(Students!$N:$N,$AE4,Students!$O:$O,$AE$2&if($K4="S1","a",if($K4="S2","b","")),Students!$A:$A,AP$2)+countifs(Students!$P:$P,$AE4,Students!$Q:$Q,$AE$2&if($K4="S1","a",if($K4="S2","b","")),Students!$A:$A,AP$2)+countifs(Students!$R:$R,$AE4,Students!$S:$S,$AE$2&if($K4="S1","a",if($K4="S2","b","")),Students!$A:$A,AP$2)+countifs(Students!$T:$T,$AE4,Students!$U:$U,$AE$2&if($K4="S1","a",if($K4="S2","b","")),Students!$A:$A,AP$2)+countifs(Students!$V:$V,$AE4,Students!$W:$W,$AE$2&if($K4="S1","a",if($K4="S2","b","")),Students!$A:$A,AP$2)+ countifs(Students!$D:$D,$AH4,Students!$E:$E,$AH$2&if($K4="S1","a",if($K4="S2","b","")),Students!$A:$A,AP$2)+countifs(Students!$F:$F,$AH4,Students!$G:$G,$AH$2&if($K4="S1","a",if($K4="S2","b","")),Students!$A:$A,AP$2)+countifs(Students!$H:$H,$AH4,Students!$I:$I,$AH$2&if($K4="S1","a",if($K4="S2","b","")),Students!$A:$A,AP$2)+countifs(Students!$J:$J,$AH4,Students!$K:$K,$AH$2&if($K4="S1","a",if($K4="S2","b","")),Students!$A:$A,AP$2)+countifs(Students!$L:$L,$AH4,Students!$M:$M,$AH$2&if($K4="S1","a",if($K4="S2","b","")),Students!$A:$A,AP$2)+countifs(Students!$N:$N,$AH4,Students!$O:$O,$AH$2&if($K4="S1","a",if($K4="S2","b","")),Students!$A:$A,AP$2)+countifs(Students!$P:$P,$AH4,Students!$Q:$Q,$AH$2&if($K4="S1","a",if($K4="S2","b","")),Students!$A:$A,AP$2)+countifs(Students!$R:$R,$AH4,Students!$S:$S,$AH$2&if($K4="S1","a",if($K4="S2","b","")),Students!$A:$A,AP$2)+countifs(Students!$T:$T,$AH4,Students!$U:$U,$AH$2&if($K4="S1","a",if($K4="S2","b","")),Students!$A:$A,AP$2)+countifs(Students!$V:$V,$AH4,Students!$W:$W,$AH$2&if($K4="S1","a",if($K4="S2","b","")),Students!$A:$A,AP$2)+ countifs(Students!$D:$D,$AK4,Students!$E:$E,$AK$2&if($K4="S1","a",if($K4="S2","b","")),Students!$A:$A,AP$2)+countifs(Students!$F:$F,$AK4,Students!$G:$G,$AK$2&if($K4="S1","a",if($K4="S2","b","")),Students!$A:$A,AP$2)+countifs(Students!$H:$H,$AK4,Students!$I:$I,$AK$2&if($K4="S1","a",if($K4="S2","b","")),Students!$A:$A,AP$2)+countifs(Students!$J:$J,$AK4,Students!$K:$K,$AK$2&if($K4="S1","a",if($K4="S2","b","")),Students!$A:$A,AP$2)+countifs(Students!$L:$L,$AK4,Students!$M:$M,$AK$2&if($K4="S1","a",if($K4="S2","b","")),Students!$A:$A,AP$2)+countifs(Students!$N:$N,$AK4,Students!$O:$O,$AK$2&if($K4="S1","a",if($K4="S2","b","")),Students!$A:$A,AP$2)+countifs(Students!$P:$P,$AK4,Students!$Q:$Q,$AK$2&if($K4="S1","a",if($K4="S2","b","")),Students!$A:$A,AP$2)+countifs(Students!$R:$R,$AK4,Students!$S:$S,$AK$2&if($K4="S1","a",if($K4="S2","b","")),Students!$A:$A,AP$2)+countifs(Students!$T:$T,$AK4,Students!$U:$U,$AK$2&if($K4="S1","a",if($K4="S2","b","")),Students!$A:$A,AP$2)+countifs(Students!$V:$V,$AK4,Students!$W:$W,$AK$2&if($K4="S1","a",if($K4="S2","b","")),Students!$A:$A,AP$2)) -> 64 | AQ4: =if($L4="","",countifs(Students!$D:$D,$P4,Students!$E:$E,$P$2&if($K4="S1","a",if($K4="S2","b","")),Students!$A:$A,AQ$2)+countifs(Students!$F:$F,$P4,Students!$G:$G,$P$2&if($K4="S1","a",if($K4="S2","b","")),Students!$A:$A,AQ$2)+countifs(Students!$H:$H,$P4,Students!$I:$I,$P$2&if($K4="S1","a",if($K4="S2","b","")),Students!$A:$A,AQ$2)+countifs(Students!$J:$J,$P4,Students!$K:$K,$P$2&if($K4="S1","a",if($K4="S2","b","")),Students!$A:$A,AQ$2)+countifs(Students!$L:$L,$P4,Students!$M:$M,$P$2&if($K4="S1","a",if($K4="S2","b","")),Students!$A:$A,AQ$2)+countifs(Students!$N:$N,$P4,Students!$O:$O,$P$2&if($K4="S1","a",if($K4="S2","b","")),Students!$A:$A,AQ$2)+countifs(Students!$P:$P,$P4,Students!$Q:$Q,$P$2&if($K4="S1","a",if($K4="S2","b","")),Students!$A:$A,AQ$2)+countifs(Students!$R:$R,$P4,Students!$S:$S,$P$2&if($K4="S1","a",if($K4="S2","b","")),Students!$A:$A,AQ$2)+countifs(Students!$T:$T,$P4,Students!$U:$U,$P$2&if($K4="S1","a",if($K4="S2","b","")),Students!$A:$A,AQ$2)+countifs(Students!$V:$V,$P4,Students!$W:$W,$P$2&if($K4="S1","a",if($K4="S2","b","")),Students!$A:$A,AQ$2)+ countifs(Students!$D:$D,$S4,Students!$E:$E,$S$2&if($K4="S1","a",if($K4="S2","b","")),Students!$A:$A,AQ$2)+countifs(Students!$F:$F,$S4,Students!$G:$G,$S$2&if($K4="S1","a",if($K4="S2","b","")),Students!$A:$A,AQ$2)+countifs(Students!$H:$H,$S4,Students!$I:$I,$S$2&if($K4="S1","a",if($K4="S2","b","")),Students!$A:$A,AQ$2)+countifs(Students!$J:$J,$S4,Students!$K:$K,$S$2&if($K4="S1","a",if($K4="S2","b","")),Students!$A:$A,AQ$2)+countifs(Students!$L:$L,$S4,Students!$M:$M,$S$2&if($K4="S1","a",if($K4="S2","b","")),Students!$A:$A,AQ$2)+countifs(Students!$N:$N,$S4,Students!$O:$O,$S$2&if($K4="S1","a",if($K4="S2","b","")),Students!$A:$A,AQ$2)+countifs(Students!$P:$P,$S4,Students!$Q:$Q,$S$2&if($K4="S1","a",if($K4="S2","b","")),Students!$A:$A,AQ$2)+countifs(Students!$R:$R,$S4,Students!$S:$S,$S$2&if($K4="S1","a",if($K4="S2","b","")),Students!$A:$A,AQ$2)+countifs(Students!$T:$T,$S4,Students!$U:$U,$S$2&if($K4="S1","a",if($K4="S2","b","")),Students!$A:$A,AQ$2)+countifs(Students!$V:$V,$S4,Students!$W:$W,$S$2&if($K4="S1","a",if($K4="S2","b","")),Students!$A:$A,AQ$2)+ countifs(Students!$D:$D,$V4,Students!$E:$E,$V$2&if($K4="S1","a",if($K4="S2","b","")),Students!$A:$A,AQ$2)+countifs(Students!$F:$F,$V4,Students!$G:$G,$V$2&if($K4="S1","a",if($K4="S2","b","")),Students!$A:$A,AQ$2)+countifs(Students!$H:$H,$V4,Students!$I:$I,$V$2&if($K4="S1","a",if($K4="S2","b","")),Students!$A:$A,AQ$2)+countifs(Students!$J:$J,$V4,Students!$K:$K,$V$2&if($K4="S1","a",if($K4="S2","b","")),Students!$A:$A,AQ$2)+countifs(Students!$L:$L,$V4,Students!$M:$M,$V$2&if($K4="S1","a",if($K4="S2","b","")),Students!$A:$A,AQ$2)+countifs(Students!$N:$N,$V4,Students!$O:$O,$V$2&if($K4="S1","a",if($K4="S2","b","")),Students!$A:$A,AQ$2)+countifs(Students!$P:$P,$V4,Students!$Q:$Q,$V$2&if($K4="S1","a",if($K4="S2","b","")),Students!$A:$A,AQ$2)+countifs(Students!$R:$R,$V4,Students!$S:$S,$V$2&if($K4="S1","a",if($K4="S2","b","")),Students!$A:$A,AQ$2)+countifs(Students!$T:$T,$V4,Students!$U:$U,$V$2&if($K4="S1","a",if($K4="S2","b","")),Students!$A:$A,AQ$2)+countifs(Students!$V:$V,$V4,Students!$W:$W,$V$2&if($K4="S1","a",if($K4="S2","b","")),Students!$A:$A,AQ$2)+ countifs(Students!$D:$D,$Y4,Students!$E:$E,$Y$2&if($K4="S1","a",if($K4="S2","b","")),Students!$A:$A,AQ$2)+countifs(Students!$F:$F,$Y4,Students!$G:$G,$Y$2&if($K4="S1","a",if($K4="S2","b","")),Students!$A:$A,AQ$2)+countifs(Students!$H:$H,$Y4,Students!$I:$I,$Y$2&if($K4="S1","a",if($K4="S2","b","")),Students!$A:$A,AQ$2)+countifs(Students!$J:$J,$Y4,Students!$K:$K,$Y$2&if($K4="S1","a",if($K4="S2","b","")),Students!$A:$A,AQ$2)+countifs(Students!$L:$L,$Y4,Students!$M:$M,$Y$2&if($K4="S1","a",if($K4="S2","b","")),Students!$A:$A,AQ$2)+countifs(Students!$N:$N,$Y4,Students!$O:$O,$Y$2&if($K4="S1","a",if($K4="S2","b","")),Students!$A:$A,AQ$2)+countifs(Students!$P:$P,$Y4,Students!$Q:$Q,$Y$2&if($K4="S1","a",if($K4="S2","b","")),Students!$A:$A,AQ$2)+countifs(Students!$R:$R,$Y4,Students!$S:$S,$Y$2&if($K4="S1","a",if($K4="S2","b","")),Students!$A:$A,AQ$2)+countifs(Students!$T:$T,$Y4,Students!$U:$U,$Y$2&if($K4="S1","a",if($K4="S2","b","")),Students!$A:$A,AQ$2)+countifs(Students!$V:$V,$Y4,Students!$W:$W,$Y$2&if($K4="S1","a",if($K4="S2","b","")),Students!$A:$A,AQ$2)+ countifs(Students!$D:$D,$AB4,Students!$E:$E,$AB$2&if($K4="S1","a",if($K4="S2","b","")),Students!$A:$A,AQ$2)+countifs(Students!$F:$F,$AB4,Students!$G:$G,$AB$2&if($K4="S1","a",if($K4="S2","b","")),Students!$A:$A,AQ$2)+countifs(Students!$H:$H,$AB4,Students!$I:$I,$AB$2&if($K4="S1","a",if($K4="S2","b","")),Students!$A:$A,AQ$2)+countifs(Students!$J:$J,$AB4,Students!$K:$K,$AB$2&if($K4="S1","a",if($K4="S2","b","")),Students!$A:$A,AQ$2)+countifs(Students!$L:$L,$AB4,Students!$M:$M,$AB$2&if($K4="S1","a",if($K4="S2","b","")),Students!$A:$A,AQ$2)+countifs(Students!$N:$N,$AB4,Students!$O:$O,$AB$2&if($K4="S1","a",if($K4="S2","b","")),Students!$A:$A,AQ$2)+countifs(Students!$P:$P,$AB4,Students!$Q:$Q,$AB$2&if($K4="S1","a",if($K4="S2","b","")),Students!$A:$A,AQ$2)+countifs(Students!$R:$R,$AB4,Students!$S:$S,$AB$2&if($K4="S1","a",if($K4="S2","b","")),Students!$A:$A,AQ$2)+countifs(Students!$T:$T,$AB4,Students!$U:$U,$AB$2&if($K4="S1","a",if($K4="S2","b","")),Students!$A:$A,AQ$2)+countifs(Students!$V:$V,$AB4,Students!$W:$W,$AB$2&if($K4="S1","a",if($K4="S2","b","")),Students!$A:$A,AQ$2)+ countifs(Students!$D:$D,$AE4,Students!$E:$E,$AE$2&if($K4="S1","a",if($K4="S2","b","")),Students!$A:$A,AQ$2)+countifs(Students!$F:$F,$AE4,Students!$G:$G,$AE$2&if($K4="S1","a",if($K4="S2","b","")),Students!$A:$A,AQ$2)+countifs(Students!$H:$H,$AE4,Students!$I:$I,$AE$2&if($K4="S1","a",if($K4="S2","b","")),Students!$A:$A,AQ$2)+countifs(Students!$J:$J,$AE4,Students!$K:$K,$AE$2&if($K4="S1","a",if($K4="S2","b","")),Students!$A:$A,AQ$2)+countifs(Students!$L:$L,$AE4,Students!$M:$M,$AE$2&if($K4="S1","a",if($K4="S2","b","")),Students!$A:$A,AQ$2)+countifs(Students!$N:$N,$AE4,Students!$O:$O,$AE$2&if($K4="S1","a",if($K4="S2","b","")),Students!$A:$A,AQ$2)+countifs(Students!$P:$P,$AE4,Students!$Q:$Q,$AE$2&if($K4="S1","a",if($K4="S2","b","")),Students!$A:$A,AQ$2)+countifs(Students!$R:$R,$AE4,Students!$S:$S,$AE$2&if($K4="S1","a",if($K4="S2","b","")),Students!$A:$A,AQ$2)+countifs(Students!$T:$T,$AE4,Students!$U:$U,$AE$2&if($K4="S1","a",if($K4="S2","b","")),Students!$A:$A,AQ$2)+countifs(Students!$V:$V,$AE4,Students!$W:$W,$AE$2&if($K4="S1","a",if($K4="S2","b","")),Students!$A:$A,AQ$2)+ countifs(Students!$D:$D,$AH4,Students!$E:$E,$AH$2&if($K4="S1","a",if($K4="S2","b","")),Students!$A:$A,AQ$2)+countifs(Students!$F:$F,$AH4,Students!$G:$G,$AH$2&if($K4="S1","a",if($K4="S2","b","")),Students!$A:$A,AQ$2)+countifs(Students!$H:$H,$AH4,Students!$I:$I,$AH$2&if($K4="S1","a",if($K4="S2","b","")),Students!$A:$A,AQ$2)+countifs(Students!$J:$J,$AH4,Students!$K:$K,$AH$2&if($K4="S1","a",if($K4="S2","b","")),Students!$A:$A,AQ$2)+countifs(Students!$L:$L,$AH4,Students!$M:$M,$AH$2&if($K4="S1","a",if($K4="S2","b","")),Students!$A:$A,AQ$2)+countifs(Students!$N:$N,$AH4,Students!$O:$O,$AH$2&if($K4="S1","a",if($K4="S2","b","")),Students!$A:$A,AQ$2)+countifs(Students!$P:$P,$AH4,Students!$Q:$Q,$AH$2&if($K4="S1","a",if($K4="S2","b","")),Students!$A:$A,AQ$2)+countifs(Students!$R:$R,$AH4,Students!$S:$S,$AH$2&if($K4="S1","a",if($K4="S2","b","")),Students!$A:$A,AQ$2)+countifs(Students!$T:$T,$AH4,Students!$U:$U,$AH$2&if($K4="S1","a",if($K4="S2","b","")),Students!$A:$A,AQ$2)+countifs(Students!$V:$V,$AH4,Students!$W:$W,$AH$2&if($K4="S1","a",if($K4="S2","b","")),Students!$A:$A,AQ$2)+ countifs(Students!$D:$D,$AK4,Students!$E:$E,$AK$2&if($K4="S1","a",if($K4="S2","b","")),Students!$A:$A,AQ$2)+countifs(Students!$F:$F,$AK4,Students!$G:$G,$AK$2&if($K4="S1","a",if($K4="S2","b","")),Students!$A:$A,AQ$2)+countifs(Students!$H:$H,$AK4,Students!$I:$I,$AK$2&if($K4="S1","a",if($K4="S2","b","")),Students!$A:$A,AQ$2)+countifs(Students!$J:$J,$AK4,Students!$K:$K,$AK$2&if($K4="S1","a",if($K4="S2","b","")),Students!$A:$A,AQ$2)+countifs(Students!$L:$L,$AK4,Students!$M:$M,$AK$2&if($K4="S1","a",if($K4="S2","b","")),Students!$A:$A,AQ$2)+countifs(Students!$N:$N,$AK4,Students!$O:$O,$AK$2&if($K4="S1","a",if($K4="S2","b","")),Students!$A:$A,AQ$2)+countifs(Students!$P:$P,$AK4,Students!$Q:$Q,$AK$2&if($K4="S1","a",if($K4="S2","b","")),Students!$A:$A,AQ$2)+countifs(Students!$R:$R,$AK4,Students!$S:$S,$AK$2&if($K4="S1","a",if($K4="S2","b","")),Students!$A:$A,AQ$2)+countifs(Students!$T:$T,$AK4,Students!$U:$U,$AK$2&if($K4="S1","a",if($K4="S2","b","")),Students!$A:$A,AQ$2)+countifs(Students!$V:$V,$AK4,Students!$W:$W,$AK$2&if($K4="S1","a",if($K4="S2","b","")),Students!$A:$A,AQ$2)) -> 23 | AR4: =if($L4="","",countifs(Students!$D:$D,$P4,Students!$E:$E,$P$2&if($K4="S1","a",if($K4="S2","b","")),Students!$A:$A,AR$2)+countifs(Students!$F:$F,$P4,Students!$G:$G,$P$2&if($K4="S1","a",if($K4="S2","b","")),Students!$A:$A,AR$2)+countifs(Students!$H:$H,$P4,Students!$I:$I,$P$2&if($K4="S1","a",if($K4="S2","b","")),Students!$A:$A,AR$2)+countifs(Students!$J:$J,$P4,Students!$K:$K,$P$2&if($K4="S1","a",if($K4="S2","b","")),Students!$A:$A,AR$2)+countifs(Students!$L:$L,$P4,Students!$M:$M,$P$2&if($K4="S1","a",if($K4="S2","b","")),Students!$A:$A,AR$2)+countifs(Students!$N:$N,$P4,Students!$O:$O,$P$2&if($K4="S1","a",if($K4="S2","b","")),Students!$A:$A,AR$2)+countifs(Students!$P:$P,$P4,Students!$Q:$Q,$P$2&if($K4="S1","a",if($K4="S2","b","")),Students!$A:$A,AR$2)+countifs(Students!$R:$R,$P4,Students!$S:$S,$P$2&if($K4="S1","a",if($K4="S2","b","")),Students!$A:$A,AR$2)+countifs(Students!$T:$T,$P4,Students!$U:$U,$P$2&if($K4="S1","a",if($K4="S2","b","")),Students!$A:$A,AR$2)+countifs(Students!$V:$V,$P4,Students!$W:$W,$P$2&if($K4="S1","a",if($K4="S2","b","")),Students!$A:$A,AR$2)+ countifs(Students!$D:$D,$S4,Students!$E:$E,$S$2&if($K4="S1","a",if($K4="S2","b","")),Students!$A:$A,AR$2)+countifs(Students!$F:$F,$S4,Students!$G:$G,$S$2&if($K4="S1","a",if($K4="S2","b","")),Students!$A:$A,AR$2)+countifs(Students!$H:$H,$S4,Students!$I:$I,$S$2&if($K4="S1","a",if($K4="S2","b","")),Students!$A:$A,AR$2)+countifs(Students!$J:$J,$S4,Students!$K:$K,$S$2&if($K4="S1","a",if($K4="S2","b","")),Students!$A:$A,AR$2)+countifs(Students!$L:$L,$S4,Students!$M:$M,$S$2&if($K4="S1","a",if($K4="S2","b","")),Students!$A:$A,AR$2)+countifs(Students!$N:$N,$S4,Students!$O:$O,$S$2&if($K4="S1","a",if($K4="S2","b","")),Students!$A:$A,AR$2)+countifs(Students!$P:$P,$S4,Students!$Q:$Q,$S$2&if($K4="S1","a",if($K4="S2","b","")),Students!$A:$A,AR$2)+countifs(Students!$R:$R,$S4,Students!$S:$S,$S$2&if($K4="S1","a",if($K4="S2","b","")),Students!$A:$A,AR$2)+countifs(Students!$T:$T,$S4,Students!$U:$U,$S$2&if($K4="S1","a",if($K4="S2","b","")),Students!$A:$A,AR$2)+countifs(Students!$V:$V,$S4,Students!$W:$W,$S$2&if($K4="S1","a",if($K4="S2","b","")),Students!$A:$A,AR$2)+ countifs(Students!$D:$D,$V4,Students!$E:$E,$V$2&if($K4="S1","a",if($K4="S2","b","")),Students!$A:$A,AR$2)+countifs(Students!$F:$F,$V4,Students!$G:$G,$V$2&if($K4="S1","a",if($K4="S2","b","")),Students!$A:$A,AR$2)+countifs(Students!$H:$H,$V4,Students!$I:$I,$V$2&if($K4="S1","a",if($K4="S2","b","")),Students!$A:$A,AR$2)+countifs(Students!$J:$J,$V4,Students!$K:$K,$V$2&if($K4="S1","a",if($K4="S2","b","")),Students!$A:$A,AR$2)+countifs(Students!$L:$L,$V4,Students!$M:$M,$V$2&if($K4="S1","a",if($K4="S2","b","")),Students!$A:$A,AR$2)+countifs(Students!$N:$N,$V4,Students!$O:$O,$V$2&if($K4="S1","a",if($K4="S2","b","")),Students!$A:$A,AR$2)+countifs(Students!$P:$P,$V4,Students!$Q:$Q,$V$2&if($K4="S1","a",if($K4="S2","b","")),Students!$A:$A,AR$2)+countifs(Students!$R:$R,$V4,Students!$S:$S,$V$2&if($K4="S1","a",if($K4="S2","b","")),Students!$A:$A,AR$2)+countifs(Students!$T:$T,$V4,Students!$U:$U,$V$2&if($K4="S1","a",if($K4="S2","b","")),Students!$A:$A,AR$2)+countifs(Students!$V:$V,$V4,Students!$W:$W,$V$2&if($K4="S1","a",if($K4="S2","b","")),Students!$A:$A,AR$2)+ countifs(Students!$D:$D,$Y4,Students!$E:$E,$Y$2&if($K4="S1","a",if($K4="S2","b","")),Students!$A:$A,AR$2)+countifs(Students!$F:$F,$Y4,Students!$G:$G,$Y$2&if($K4="S1","a",if($K4="S2","b","")),Students!$A:$A,AR$2)+countifs(Students!$H:$H,$Y4,Students!$I:$I,$Y$2&if($K4="S1","a",if($K4="S2","b","")),Students!$A:$A,AR$2)+countifs(Students!$J:$J,$Y4,Students!$K:$K,$Y$2&if($K4="S1","a",if($K4="S2","b","")),Students!$A:$A,AR$2)+countifs(Students!$L:$L,$Y4,Students!$M:$M,$Y$2&if($K4="S1","a",if($K4="S2","b","")),Students!$A:$A,AR$2)+countifs(Students!$N:$N,$Y4,Students!$O:$O,$Y$2&if($K4="S1","a",if($K4="S2","b","")),Students!$A:$A,AR$2)+countifs(Students!$P:$P,$Y4,Students!$Q:$Q,$Y$2&if($K4="S1","a",if($K4="S2","b","")),Students!$A:$A,AR$2)+countifs(Students!$R:$R,$Y4,Students!$S:$S,$Y$2&if($K4="S1","a",if($K4="S2","b","")),Students!$A:$A,AR$2)+countifs(Students!$T:$T,$Y4,Students!$U:$U,$Y$2&if($K4="S1","a",if($K4="S2","b","")),Students!$A:$A,AR$2)+countifs(Students!$V:$V,$Y4,Students!$W:$W,$Y$2&if($K4="S1","a",if($K4="S2","b","")),Students!$A:$A,AR$2)+ countifs(Students!$D:$D,$AB4,Students!$E:$E,$AB$2&if($K4="S1","a",if($K4="S2","b","")),Students!$A:$A,AR$2)+countifs(Students!$F:$F,$AB4,Students!$G:$G,$AB$2&if($K4="S1","a",if($K4="S2","b","")),Students!$A:$A,AR$2)+countifs(Students!$H:$H,$AB4,Students!$I:$I,$AB$2&if($K4="S1","a",if($K4="S2","b","")),Students!$A:$A,AR$2)+countifs(Students!$J:$J,$AB4,Students!$K:$K,$AB$2&if($K4="S1","a",if($K4="S2","b","")),Students!$A:$A,AR$2)+countifs(Students!$L:$L,$AB4,Students!$M:$M,$AB$2&if($K4="S1","a",if($K4="S2","b","")),Students!$A:$A,AR$2)+countifs(Students!$N:$N,$AB4,Students!$O:$O,$AB$2&if($K4="S1","a",if($K4="S2","b","")),Students!$A:$A,AR$2)+countifs(Students!$P:$P,$AB4,Students!$Q:$Q,$AB$2&if($K4="S1","a",if($K4="S2","b","")),Students!$A:$A,AR$2)+countifs(Students!$R:$R,$AB4,Students!$S:$S,$AB$2&if($K4="S1","a",if($K4="S2","b","")),Students!$A:$A,AR$2)+countifs(Students!$T:$T,$AB4,Students!$U:$U,$AB$2&if($K4="S1","a",if($K4="S2","b","")),Students!$A:$A,AR$2)+countifs(Students!$V:$V,$AB4,Students!$W:$W,$AB$2&if($K4="S1","a",if($K4="S2","b","")),Students!$A:$A,AR$2)+ countifs(Students!$D:$D,$AE4,Students!$E:$E,$AE$2&if($K4="S1","a",if($K4="S2","b","")),Students!$A:$A,AR$2)+countifs(Students!$F:$F,$AE4,Students!$G:$G,$AE$2&if($K4="S1","a",if($K4="S2","b","")),Students!$A:$A,AR$2)+countifs(Students!$H:$H,$AE4,Students!$I:$I,$AE$2&if($K4="S1","a",if($K4="S2","b","")),Students!$A:$A,AR$2)+countifs(Students!$J:$J,$AE4,Students!$K:$K,$AE$2&if($K4="S1","a",if($K4="S2","b","")),Students!$A:$A,AR$2)+countifs(Students!$L:$L,$AE4,Students!$M:$M,$AE$2&if($K4="S1","a",if($K4="S2","b","")),Students!$A:$A,AR$2)+countifs(Students!$N:$N,$AE4,Students!$O:$O,$AE$2&if($K4="S1","a",if($K4="S2","b","")),Students!$A:$A,AR$2)+countifs(Students!$P:$P,$AE4,Students!$Q:$Q,$AE$2&if($K4="S1","a",if($K4="S2","b","")),Students!$A:$A,AR$2)+countifs(Students!$R:$R,$AE4,Students!$S:$S,$AE$2&if($K4="S1","a",if($K4="S2","b","")),Students!$A:$A,AR$2)+countifs(Students!$T:$T,$AE4,Students!$U:$U,$AE$2&if($K4="S1","a",if($K4="S2","b","")),Students!$A:$A,AR$2)+countifs(Students!$V:$V,$AE4,Students!$W:$W,$AE$2&if($K4="S1","a",if($K4="S2","b","")),Students!$A:$A,AR$2)+ countifs(Students!$D:$D,$AH4,Students!$E:$E,$AH$2&if($K4="S1","a",if($K4="S2","b","")),Students!$A:$A,AR$2)+countifs(Students!$F:$F,$AH4,Students!$G:$G,$AH$2&if($K4="S1","a",if($K4="S2","b","")),Students!$A:$A,AR$2)+countifs(Students!$H:$H,$AH4,Students!$I:$I,$AH$2&if($K4="S1","a",if($K4="S2","b","")),Students!$A:$A,AR$2)+countifs(Students!$J:$J,$AH4,Students!$K:$K,$AH$2&if($K4="S1","a",if($K4="S2","b","")),Students!$A:$A,AR$2)+countifs(Students!$L:$L,$AH4,Students!$M:$M,$AH$2&if($K4="S1","a",if($K4="S2","b","")),Students!$A:$A,AR$2)+countifs(Students!$N:$N,$AH4,Students!$O:$O,$AH$2&if($K4="S1","a",if($K4="S2","b","")),Students!$A:$A,AR$2)+countifs(Students!$P:$P,$AH4,Students!$Q:$Q,$AH$2&if($K4="S1","a",if($K4="S2","b","")),Students!$A:$A,AR$2)+countifs(Students!$R:$R,$AH4,Students!$S:$S,$AH$2&if($K4="S1","a",if($K4="S2","b","")),Students!$A:$A,AR$2)+countifs(Students!$T:$T,$AH4,Students!$U:$U,$AH$2&if($K4="S1","a",if($K4="S2","b","")),Students!$A:$A,AR$2)+countifs(Students!$V:$V,$AH4,Students!$W:$W,$AH$2&if($K4="S1","a",if($K4="S2","b","")),Students!$A:$A,AR$2)+ countifs(Students!$D:$D,$AK4,Students!$E:$E,$AK$2&if($K4="S1","a",if($K4="S2","b","")),Students!$A:$A,AR$2)+countifs(Students!$F:$F,$AK4,Students!$G:$G,$AK$2&if($K4="S1","a",if($K4="S2","b","")),Students!$A:$A,AR$2)+countifs(Students!$H:$H,$AK4,Students!$I:$I,$AK$2&if($K4="S1","a",if($K4="S2","b","")),Students!$A:$A,AR$2)+countifs(Students!$J:$J,$AK4,Students!$K:$K,$AK$2&if($K4="S1","a",if($K4="S2","b","")),Students!$A:$A,AR$2)+countifs(Students!$L:$L,$AK4,Students!$M:$M,$AK$2&if($K4="S1","a",if($K4="S2","b","")),Students!$A:$A,AR$2)+countifs(Students!$N:$N,$AK4,Students!$O:$O,$AK$2&if($K4="S1","a",if($K4="S2","b","")),Students!$A:$A,AR$2)+countifs(Students!$P:$P,$AK4,Students!$Q:$Q,$AK$2&if($K4="S1","a",if($K4="S2","b","")),Students!$A:$A,AR$2)+countifs(Students!$R:$R,$AK4,Students!$S:$S,$AK$2&if($K4="S1","a",if($K4="S2","b","")),Students!$A:$A,AR$2)+countifs(Students!$T:$T,$AK4,Students!$U:$U,$AK$2&if($K4="S1","a",if($K4="S2","b","")),Students!$A:$A,AR$2)+countifs(Students!$V:$V,$AK4,Students!$W:$W,$AK$2&if($K4="S1","a",if($K4="S2","b","")),Students!$A:$A,AR$2)) -> 26 | AS4: =if($L4="","",countifs(Students!$D:$D,$P4,Students!$E:$E,$P$2&if($K4="S1","a",if($K4="S2","b","")),Students!$A:$A,AS$2)+countifs(Students!$F:$F,$P4,Students!$G:$G,$P$2&if($K4="S1","a",if($K4="S2","b","")),Students!$A:$A,AS$2)+countifs(Students!$H:$H,$P4,Students!$I:$I,$P$2&if($K4="S1","a",if($K4="S2","b","")),Students!$A:$A,AS$2)+countifs(Students!$J:$J,$P4,Students!$K:$K,$P$2&if($K4="S1","a",if($K4="S2","b","")),Students!$A:$A,AS$2)+countifs(Students!$L:$L,$P4,Students!$M:$M,$P$2&if($K4="S1","a",if($K4="S2","b","")),Students!$A:$A,AS$2)+countifs(Students!$N:$N,$P4,Students!$O:$O,$P$2&if($K4="S1","a",if($K4="S2","b","")),Students!$A:$A,AS$2)+countifs(Students!$P:$P,$P4,Students!$Q:$Q,$P$2&if($K4="S1","a",if($K4="S2","b","")),Students!$A:$A,AS$2)+countifs(Students!$R:$R,$P4,Students!$S:$S,$P$2&if($K4="S1","a",if($K4="S2","b","")),Students!$A:$A,AS$2)+countifs(Students!$T:$T,$P4,Students!$U:$U,$P$2&if($K4="S1","a",if($K4="S2","b","")),Students!$A:$A,AS$2)+countifs(Students!$V:$V,$P4,Students!$W:$W,$P$2&if($K4="S1","a",if($K4="S2","b","")),Students!$A:$A,AS$2)+ countifs(Students!$D:$D,$S4,Students!$E:$E,$S$2&if($K4="S1","a",if($K4="S2","b","")),Students!$A:$A,AS$2)+countifs(Students!$F:$F,$S4,Students!$G:$G,$S$2&if($K4="S1","a",if($K4="S2","b","")),Students!$A:$A,AS$2)+countifs(Students!$H:$H,$S4,Students!$I:$I,$S$2&if($K4="S1","a",if($K4="S2","b","")),Students!$A:$A,AS$2)+countifs(Students!$J:$J,$S4,Students!$K:$K,$S$2&if($K4="S1","a",if($K4="S2","b","")),Students!$A:$A,AS$2)+countifs(Students!$L:$L,$S4,Students!$M:$M,$S$2&if($K4="S1","a",if($K4="S2","b","")),Students!$A:$A,AS$2)+countifs(Students!$N:$N,$S4,Students!$O:$O,$S$2&if($K4="S1","a",if($K4="S2","b","")),Students!$A:$A,AS$2)+countifs(Students!$P:$P,$S4,Students!$Q:$Q,$S$2&if($K4="S1","a",if($K4="S2","b","")),Students!$A:$A,AS$2)+countifs(Students!$R:$R,$S4,Students!$S:$S,$S$2&if($K4="S1","a",if($K4="S2","b","")),Students!$A:$A,AS$2)+countifs(Students!$T:$T,$S4,Students!$U:$U,$S$2&if($K4="S1","a",if($K4="S2","b","")),Students!$A:$A,AS$2)+countifs(Students!$V:$V,$S4,Students!$W:$W,$S$2&if($K4="S1","a",if($K4="S2","b","")),Students!$A:$A,AS$2)+ countifs(Students!$D:$D,$V4,Students!$E:$E,$V$2&if($K4="S1","a",if($K4="S2","b","")),Students!$A:$A,AS$2)+countifs(Students!$F:$F,$V4,Students!$G:$G,$V$2&if($K4="S1","a",if($K4="S2","b","")),Students!$A:$A,AS$2)+countifs(Students!$H:$H,$V4,Students!$I:$I,$V$2&if($K4="S1","a",if($K4="S2","b","")),Students!$A:$A,AS$2)+countifs(Students!$J:$J,$V4,Students!$K:$K,$V$2&if($K4="S1","a",if($K4="S2","b","")),Students!$A:$A,AS$2)+countifs(Students!$L:$L,$V4,Students!$M:$M,$V$2&if($K4="S1","a",if($K4="S2","b","")),Students!$A:$A,AS$2)+countifs(Students!$N:$N,$V4,Students!$O:$O,$V$2&if($K4="S1","a",if($K4="S2","b","")),Students!$A:$A,AS$2)+countifs(Students!$P:$P,$V4,Students!$Q:$Q,$V$2&if($K4="S1","a",if($K4="S2","b","")),Students!$A:$A,AS$2)+countifs(Students!$R:$R,$V4,Students!$S:$S,$V$2&if($K4="S1","a",if($K4="S2","b","")),Students!$A:$A,AS$2)+countifs(Students!$T:$T,$V4,Students!$U:$U,$V$2&if($K4="S1","a",if($K4="S2","b","")),Students!$A:$A,AS$2)+countifs(Students!$V:$V,$V4,Students!$W:$W,$V$2&if($K4="S1","a",if($K4="S2","b","")),Students!$A:$A,AS$2)+ countifs(Students!$D:$D,$Y4,Students!$E:$E,$Y$2&if($K4="S1","a",if($K4="S2","b","")),Students!$A:$A,AS$2)+countifs(Students!$F:$F,$Y4,Students!$G:$G,$Y$2&if($K4="S1","a",if($K4="S2","b","")),Students!$A:$A,AS$2)+countifs(Students!$H:$H,$Y4,Students!$I:$I,$Y$2&if($K4="S1","a",if($K4="S2","b","")),Students!$A:$A,AS$2)+countifs(Students!$J:$J,$Y4,Students!$K:$K,$Y$2&if($K4="S1","a",if($K4="S2","b","")),Students!$A:$A,AS$2)+countifs(Students!$L:$L,$Y4,Students!$M:$M,$Y$2&if($K4="S1","a",if($K4="S2","b","")),Students!$A:$A,AS$2)+countifs(Students!$N:$N,$Y4,Students!$O:$O,$Y$2&if($K4="S1","a",if($K4="S2","b","")),Students!$A:$A,AS$2)+countifs(Students!$P:$P,$Y4,Students!$Q:$Q,$Y$2&if($K4="S1","a",if($K4="S2","b","")),Students!$A:$A,AS$2)+countifs(Students!$R:$R,$Y4,Students!$S:$S,$Y$2&if($K4="S1","a",if($K4="S2","b","")),Students!$A:$A,AS$2)+countifs(Students!$T:$T,$Y4,Students!$U:$U,$Y$2&if($K4="S1","a",if($K4="S2","b","")),Students!$A:$A,AS$2)+countifs(Students!$V:$V,$Y4,Students!$W:$W,$Y$2&if($K4="S1","a",if($K4="S2","b","")),Students!$A:$A,AS$2)+ countifs(Students!$D:$D,$AB4,Students!$E:$E,$AB$2&if($K4="S1","a",if($K4="S2","b","")),Students!$A:$A,AS$2)+countifs(Students!$F:$F,$AB4,Students!$G:$G,$AB$2&if($K4="S1","a",if($K4="S2","b","")),Students!$A:$A,AS$2)+countifs(Students!$H:$H,$AB4,Students!$I:$I,$AB$2&if($K4="S1","a",if($K4="S2","b","")),Students!$A:$A,AS$2)+countifs(Students!$J:$J,$AB4,Students!$K:$K,$AB$2&if($K4="S1","a",if($K4="S2","b","")),Students!$A:$A,AS$2)+countifs(Students!$L:$L,$AB4,Students!$M:$M,$AB$2&if($K4="S1","a",if($K4="S2","b","")),Students!$A:$A,AS$2)+countifs(Students!$N:$N,$AB4,Students!$O:$O,$AB$2&if($K4="S1","a",if($K4="S2","b","")),Students!$A:$A,AS$2)+countifs(Students!$P:$P,$AB4,Students!$Q:$Q,$AB$2&if($K4="S1","a",if($K4="S2","b","")),Students!$A:$A,AS$2)+countifs(Students!$R:$R,$AB4,Students!$S:$S,$AB$2&if($K4="S1","a",if($K4="S2","b","")),Students!$A:$A,AS$2)+countifs(Students!$T:$T,$AB4,Students!$U:$U,$AB$2&if($K4="S1","a",if($K4="S2","b","")),Students!$A:$A,AS$2)+countifs(Students!$V:$V,$AB4,Students!$W:$W,$AB$2&if($K4="S1","a",if($K4="S2","b","")),Students!$A:$A,AS$2)+ countifs(Students!$D:$D,$AE4,Students!$E:$E,$AE$2&if($K4="S1","a",if($K4="S2","b","")),Students!$A:$A,AS$2)+countifs(Students!$F:$F,$AE4,Students!$G:$G,$AE$2&if($K4="S1","a",if($K4="S2","b","")),Students!$A:$A,AS$2)+countifs(Students!$H:$H,$AE4,Students!$I:$I,$AE$2&if($K4="S1","a",if($K4="S2","b","")),Students!$A:$A,AS$2)+countifs(Students!$J:$J,$AE4,Students!$K:$K,$AE$2&if($K4="S1","a",if($K4="S2","b","")),Students!$A:$A,AS$2)+countifs(Students!$L:$L,$AE4,Students!$M:$M,$AE$2&if($K4="S1","a",if($K4="S2","b","")),Students!$A:$A,AS$2)+countifs(Students!$N:$N,$AE4,Students!$O:$O,$AE$2&if($K4="S1","a",if($K4="S2","b","")),Students!$A:$A,AS$2)+countifs(Students!$P:$P,$AE4,Students!$Q:$Q,$AE$2&if($K4="S1","a",if($K4="S2","b","")),Students!$A:$A,AS$2)+countifs(Students!$R:$R,$AE4,Students!$S:$S,$AE$2&if($K4="S1","a",if($K4="S2","b","")),Students!$A:$A,AS$2)+countifs(Students!$T:$T,$AE4,Students!$U:$U,$AE$2&if($K4="S1","a",if($K4="S2","b","")),Students!$A:$A,AS$2)+countifs(Students!$V:$V,$AE4,Students!$W:$W,$AE$2&if($K4="S1","a",if($K4="S2","b","")),Students!$A:$A,AS$2)+ countifs(Students!$D:$D,$AH4,Students!$E:$E,$AH$2&if($K4="S1","a",if($K4="S2","b","")),Students!$A:$A,AS$2)+countifs(Students!$F:$F,$AH4,Students!$G:$G,$AH$2&if($K4="S1","a",if($K4="S2","b","")),Students!$A:$A,AS$2)+countifs(Students!$H:$H,$AH4,Students!$I:$I,$AH$2&if($K4="S1","a",if($K4="S2","b","")),Students!$A:$A,AS$2)+countifs(Students!$J:$J,$AH4,Students!$K:$K,$AH$2&if($K4="S1","a",if($K4="S2","b","")),Students!$A:$A,AS$2)+countifs(Students!$L:$L,$AH4,Students!$M:$M,$AH$2&if($K4="S1","a",if($K4="S2","b","")),Students!$A:$A,AS$2)+countifs(Students!$N:$N,$AH4,Students!$O:$O,$AH$2&if($K4="S1","a",if($K4="S2","b","")),Students!$A:$A,AS$2)+countifs(Students!$P:$P,$AH4,Students!$Q:$Q,$AH$2&if($K4="S1","a",if($K4="S2","b","")),Students!$A:$A,AS$2)+countifs(Students!$R:$R,$AH4,Students!$S:$S,$AH$2&if($K4="S1","a",if($K4="S2","b","")),Students!$A:$A,AS$2)+countifs(Students!$T:$T,$AH4,Students!$U:$U,$AH$2&if($K4="S1","a",if($K4="S2","b","")),Students!$A:$A,AS$2)+countifs(Students!$V:$V,$AH4,Students!$W:$W,$AH$2&if($K4="S1","a",if($K4="S2","b","")),Students!$A:$A,AS$2)+ countifs(Students!$D:$D,$AK4,Students!$E:$E,$AK$2&if($K4="S1","a",if($K4="S2","b","")),Students!$A:$A,AS$2)+countifs(Students!$F:$F,$AK4,Students!$G:$G,$AK$2&if($K4="S1","a",if($K4="S2","b","")),Students!$A:$A,AS$2)+countifs(Students!$H:$H,$AK4,Students!$I:$I,$AK$2&if($K4="S1","a",if($K4="S2","b","")),Students!$A:$A,AS$2)+countifs(Students!$J:$J,$AK4,Students!$K:$K,$AK$2&if($K4="S1","a",if($K4="S2","b","")),Students!$A:$A,AS$2)+countifs(Students!$L:$L,$AK4,Students!$M:$M,$AK$2&if($K4="S1","a",if($K4="S2","b","")),Students!$A:$A,AS$2)+countifs(Students!$N:$N,$AK4,Students!$O:$O,$AK$2&if($K4="S1","a",if($K4="S2","b","")),Students!$A:$A,AS$2)+countifs(Students!$P:$P,$AK4,Students!$Q:$Q,$AK$2&if($K4="S1","a",if($K4="S2","b","")),Students!$A:$A,AS$2)+countifs(Students!$R:$R,$AK4,Students!$S:$S,$AK$2&if($K4="S1","a",if($K4="S2","b","")),Students!$A:$A,AS$2)+countifs(Students!$T:$T,$AK4,Students!$U:$U,$AK$2&if($K4="S1","a",if($K4="S2","b","")),Students!$A:$A,AS$2)+countifs(Students!$V:$V,$AK4,Students!$W:$W,$AK$2&if($K4="S1","a",if($K4="S2","b","")),Students!$A:$A,AS$2)) -> 10
B5: 3 | C5: 3 | D5: 8 | E5: 5 | F5: 2 | G5: x-block | J5: 10 | L5: Sofia Arcila | N5: 6 | O5: =IFERROR(__xludf.DUMMYFUNCTION("3*counta((transpose(filter(P5:AM5,P5:AM5<>"""",isnumber(P5:AM5)=false))))"),3.0) -> 3 | AE5: AP 3-D Art and Design | AF5: 1 | AG5: 10 | AO5: =if(L5="","",R5+U5+X5+AA5+AD5+AG5+AJ5+AM5) -> 10 | AP5: =if($L5="","",countifs(Students!$D:$D,$P5,Students!$E:$E,$P$2&if($K5="S1","a",if($K5="S2","b","")),Students!$A:$A,AP$2)+countifs(Students!$F:$F,$P5,Students!$G:$G,$P$2&if($K5="S1","a",if($K5="S2","b","")),Students!$A:$A,AP$2)+countifs(Students!$H:$H,$P5,Students!$I:$I,$P$2&if($K5="S1","a",if($K5="S2","b","")),Students!$A:$A,AP$2)+countifs(Students!$J:$J,$P5,Students!$K:$K,$P$2&if($K5="S1","a",if($K5="S2","b","")),Students!$A:$A,AP$2)+countifs(Students!$L:$L,$P5,Students!$M:$M,$P$2&if($K5="S1","a",if($K5="S2","b","")),Students!$A:$A,AP$2)+countifs(Students!$N:$N,$P5,Students!$O:$O,$P$2&if($K5="S1","a",if($K5="S2","b","")),Students!$A:$A,AP$2)+countifs(Students!$P:$P,$P5,Students!$Q:$Q,$P$2&if($K5="S1","a",if($K5="S2","b","")),Students!$A:$A,AP$2)+countifs(Students!$R:$R,$P5,Students!$S:$S,$P$2&if($K5="S1","a",if($K5="S2","b","")),Students!$A:$A,AP$2)+countifs(Students!$T:$T,$P5,Students!$U:$U,$P$2&if($K5="S1","a",if($K5="S2","b","")),Students!$A:$A,AP$2)+countifs(Students!$V:$V,$P5,Students!$W:$W,$P$2&if($K5="S1","a",if($K5="S2","b","")),Students!$A:$A,AP$2)+ countifs(Students!$D:$D,$S5,Students!$E:$E,$S$2&if($K5="S1","a",if($K5="S2","b","")),Students!$A:$A,AP$2)+countifs(Students!$F:$F,$S5,Students!$G:$G,$S$2&if($K5="S1","a",if($K5="S2","b","")),Students!$A:$A,AP$2)+countifs(Students!$H:$H,$S5,Students!$I:$I,$S$2&if($K5="S1","a",if($K5="S2","b","")),Students!$A:$A,AP$2)+countifs(Students!$J:$J,$S5,Students!$K:$K,$S$2&if($K5="S1","a",if($K5="S2","b","")),Students!$A:$A,AP$2)+countifs(Students!$L:$L,$S5,Students!$M:$M,$S$2&if($K5="S1","a",if($K5="S2","b","")),Students!$A:$A,AP$2)+countifs(Students!$N:$N,$S5,Students!$O:$O,$S$2&if($K5="S1","a",if($K5="S2","b","")),Students!$A:$A,AP$2)+countifs(Students!$P:$P,$S5,Students!$Q:$Q,$S$2&if($K5="S1","a",if($K5="S2","b","")),Students!$A:$A,AP$2)+countifs(Students!$R:$R,$S5,Students!$S:$S,$S$2&if($K5="S1","a",if($K5="S2","b","")),Students!$A:$A,AP$2)+countifs(Students!$T:$T,$S5,Students!$U:$U,$S$2&if($K5="S1","a",if($K5="S2","b","")),Students!$A:$A,AP$2)+countifs(Students!$V:$V,$S5,Students!$W:$W,$S$2&if($K5="S1","a",if($K5="S2","b","")),Students!$A:$A,AP$2)+ countifs(Students!$D:$D,$V5,Students!$E:$E,$V$2&if($K5="S1","a",if($K5="S2","b","")),Students!$A:$A,AP$2)+countifs(Students!$F:$F,$V5,Students!$G:$G,$V$2&if($K5="S1","a",if($K5="S2","b","")),Students!$A:$A,AP$2)+countifs(Students!$H:$H,$V5,Students!$I:$I,$V$2&if($K5="S1","a",if($K5="S2","b","")),Students!$A:$A,AP$2)+countifs(Students!$J:$J,$V5,Students!$K:$K,$V$2&if($K5="S1","a",if($K5="S2","b","")),Students!$A:$A,AP$2)+countifs(Students!$L:$L,$V5,Students!$M:$M,$V$2&if($K5="S1","a",if($K5="S2","b","")),Students!$A:$A,AP$2)+countifs(Students!$N:$N,$V5,Students!$O:$O,$V$2&if($K5="S1","a",if($K5="S2","b","")),Students!$A:$A,AP$2)+countifs(Students!$P:$P,$V5,Students!$Q:$Q,$V$2&if($K5="S1","a",if($K5="S2","b","")),Students!$A:$A,AP$2)+countifs(Students!$R:$R,$V5,Students!$S:$S,$V$2&if($K5="S1","a",if($K5="S2","b","")),Students!$A:$A,AP$2)+countifs(Students!$T:$T,$V5,Students!$U:$U,$V$2&if($K5="S1","a",if($K5="S2","b","")),Students!$A:$A,AP$2)+countifs(Students!$V:$V,$V5,Students!$W:$W,$V$2&if($K5="S1","a",if($K5="S2","b","")),Students!$A:$A,AP$2)+ countifs(Students!$D:$D,$Y5,Students!$E:$E,$Y$2&if($K5="S1","a",if($K5="S2","b","")),Students!$A:$A,AP$2)+countifs(Students!$F:$F,$Y5,Students!$G:$G,$Y$2&if($K5="S1","a",if($K5="S2","b","")),Students!$A:$A,AP$2)+countifs(Students!$H:$H,$Y5,Students!$I:$I,$Y$2&if($K5="S1","a",if($K5="S2","b","")),Students!$A:$A,AP$2)+countifs(Students!$J:$J,$Y5,Students!$K:$K,$Y$2&if($K5="S1","a",if($K5="S2","b","")),Students!$A:$A,AP$2)+countifs(Students!$L:$L,$Y5,Students!$M:$M,$Y$2&if($K5="S1","a",if($K5="S2","b","")),Students!$A:$A,AP$2)+countifs(Students!$N:$N,$Y5,Students!$O:$O,$Y$2&if($K5="S1","a",if($K5="S2","b","")),Students!$A:$A,AP$2)+countifs(Students!$P:$P,$Y5,Students!$Q:$Q,$Y$2&if($K5="S1","a",if($K5="S2","b","")),Students!$A:$A,AP$2)+countifs(Students!$R:$R,$Y5,Students!$S:$S,$Y$2&if($K5="S1","a",if($K5="S2","b","")),Students!$A:$A,AP$2)+countifs(Students!$T:$T,$Y5,Students!$U:$U,$Y$2&if($K5="S1","a",if($K5="S2","b","")),Students!$A:$A,AP$2)+countifs(Students!$V:$V,$Y5,Students!$W:$W,$Y$2&if($K5="S1","a",if($K5="S2","b","")),Students!$A:$A,AP$2)+ countifs(Students!$D:$D,$AB5,Students!$E:$E,$AB$2&if($K5="S1","a",if($K5="S2","b","")),Students!$A:$A,AP$2)+countifs(Students!$F:$F,$AB5,Students!$G:$G,$AB$2&if($K5="S1","a",if($K5="S2","b","")),Students!$A:$A,AP$2)+countifs(Students!$H:$H,$AB5,Students!$I:$I,$AB$2&if($K5="S1","a",if($K5="S2","b","")),Students!$A:$A,AP$2)+countifs(Students!$J:$J,$AB5,Students!$K:$K,$AB$2&if($K5="S1","a",if($K5="S2","b","")),Students!$A:$A,AP$2)+countifs(Students!$L:$L,$AB5,Students!$M:$M,$AB$2&if($K5="S1","a",if($K5="S2","b","")),Students!$A:$A,AP$2)+countifs(Students!$N:$N,$AB5,Students!$O:$O,$AB$2&if($K5="S1","a",if($K5="S2","b","")),Students!$A:$A,AP$2)+countifs(Students!$P:$P,$AB5,Students!$Q:$Q,$AB$2&if($K5="S1","a",if($K5="S2","b","")),Students!$A:$A,AP$2)+countifs(Students!$R:$R,$AB5,Students!$S:$S,$AB$2&if($K5="S1","a",if($K5="S2","b","")),Students!$A:$A,AP$2)+countifs(Students!$T:$T,$AB5,Students!$U:$U,$AB$2&if($K5="S1","a",if($K5="S2","b","")),Students!$A:$A,AP$2)+countifs(Students!$V:$V,$AB5,Students!$W:$W,$AB$2&if($K5="S1","a",if($K5="S2","b","")),Students!$A:$A,AP$2)+ countifs(Students!$D:$D,$AE5,Students!$E:$E,$AE$2&if($K5="S1","a",if($K5="S2","b","")),Students!$A:$A,AP$2)+countifs(Students!$F:$F,$AE5,Students!$G:$G,$AE$2&if($K5="S1","a",if($K5="S2","b","")),Students!$A:$A,AP$2)+countifs(Students!$H:$H,$AE5,Students!$I:$I,$AE$2&if($K5="S1","a",if($K5="S2","b","")),Students!$A:$A,AP$2)+countifs(Students!$J:$J,$AE5,Students!$K:$K,$AE$2&if($K5="S1","a",if($K5="S2","b","")),Students!$A:$A,AP$2)+countifs(Students!$L:$L,$AE5,Students!$M:$M,$AE$2&if($K5="S1","a",if($K5="S2","b","")),Students!$A:$A,AP$2)+countifs(Students!$N:$N,$AE5,Students!$O:$O,$AE$2&if($K5="S1","a",if($K5="S2","b","")),Students!$A:$A,AP$2)+countifs(Students!$P:$P,$AE5,Students!$Q:$Q,$AE$2&if($K5="S1","a",if($K5="S2","b","")),Students!$A:$A,AP$2)+countifs(Students!$R:$R,$AE5,Students!$S:$S,$AE$2&if($K5="S1","a",if($K5="S2","b","")),Students!$A:$A,AP$2)+countifs(Students!$T:$T,$AE5,Students!$U:$U,$AE$2&if($K5="S1","a",if($K5="S2","b","")),Students!$A:$A,AP$2)+countifs(Students!$V:$V,$AE5,Students!$W:$W,$AE$2&if($K5="S1","a",if($K5="S2","b","")),Students!$A:$A,AP$2)+ countifs(Students!$D:$D,$AH5,Students!$E:$E,$AH$2&if($K5="S1","a",if($K5="S2","b","")),Students!$A:$A,AP$2)+countifs(Students!$F:$F,$AH5,Students!$G:$G,$AH$2&if($K5="S1","a",if($K5="S2","b","")),Students!$A:$A,AP$2)+countifs(Students!$H:$H,$AH5,Students!$I:$I,$AH$2&if($K5="S1","a",if($K5="S2","b","")),Students!$A:$A,AP$2)+countifs(Students!$J:$J,$AH5,Students!$K:$K,$AH$2&if($K5="S1","a",if($K5="S2","b","")),Students!$A:$A,AP$2)+countifs(Students!$L:$L,$AH5,Students!$M:$M,$AH$2&if($K5="S1","a",if($K5="S2","b","")),Students!$A:$A,AP$2)+countifs(Students!$N:$N,$AH5,Students!$O:$O,$AH$2&if($K5="S1","a",if($K5="S2","b","")),Students!$A:$A,AP$2)+countifs(Students!$P:$P,$AH5,Students!$Q:$Q,$AH$2&if($K5="S1","a",if($K5="S2","b","")),Students!$A:$A,AP$2)+countifs(Students!$R:$R,$AH5,Students!$S:$S,$AH$2&if($K5="S1","a",if($K5="S2","b","")),Students!$A:$A,AP$2)+countifs(Students!$T:$T,$AH5,Students!$U:$U,$AH$2&if($K5="S1","a",if($K5="S2","b","")),Students!$A:$A,AP$2)+countifs(Students!$V:$V,$AH5,Students!$W:$W,$AH$2&if($K5="S1","a",if($K5="S2","b","")),Students!$A:$A,AP$2)+ countifs(Students!$D:$D,$AK5,Students!$E:$E,$AK$2&if($K5="S1","a",if($K5="S2","b","")),Students!$A:$A,AP$2)+countifs(Students!$F:$F,$AK5,Students!$G:$G,$AK$2&if($K5="S1","a",if($K5="S2","b","")),Students!$A:$A,AP$2)+countifs(Students!$H:$H,$AK5,Students!$I:$I,$AK$2&if($K5="S1","a",if($K5="S2","b","")),Students!$A:$A,AP$2)+countifs(Students!$J:$J,$AK5,Students!$K:$K,$AK$2&if($K5="S1","a",if($K5="S2","b","")),Students!$A:$A,AP$2)+countifs(Students!$L:$L,$AK5,Students!$M:$M,$AK$2&if($K5="S1","a",if($K5="S2","b","")),Students!$A:$A,AP$2)+countifs(Students!$N:$N,$AK5,Students!$O:$O,$AK$2&if($K5="S1","a",if($K5="S2","b","")),Students!$A:$A,AP$2)+countifs(Students!$P:$P,$AK5,Students!$Q:$Q,$AK$2&if($K5="S1","a",if($K5="S2","b","")),Students!$A:$A,AP$2)+countifs(Students!$R:$R,$AK5,Students!$S:$S,$AK$2&if($K5="S1","a",if($K5="S2","b","")),Students!$A:$A,AP$2)+countifs(Students!$T:$T,$AK5,Students!$U:$U,$AK$2&if($K5="S1","a",if($K5="S2","b","")),Students!$A:$A,AP$2)+countifs(Students!$V:$V,$AK5,Students!$W:$W,$AK$2&if($K5="S1","a",if($K5="S2","b","")),Students!$A:$A,AP$2)) -> 0 | AQ5: =if($L5="","",countifs(Students!$D:$D,$P5,Students!$E:$E,$P$2&if($K5="S1","a",if($K5="S2","b","")),Students!$A:$A,AQ$2)+countifs(Students!$F:$F,$P5,Students!$G:$G,$P$2&if($K5="S1","a",if($K5="S2","b","")),Students!$A:$A,AQ$2)+countifs(Students!$H:$H,$P5,Students!$I:$I,$P$2&if($K5="S1","a",if($K5="S2","b","")),Students!$A:$A,AQ$2)+countifs(Students!$J:$J,$P5,Students!$K:$K,$P$2&if($K5="S1","a",if($K5="S2","b","")),Students!$A:$A,AQ$2)+countifs(Students!$L:$L,$P5,Students!$M:$M,$P$2&if($K5="S1","a",if($K5="S2","b","")),Students!$A:$A,AQ$2)+countifs(Students!$N:$N,$P5,Students!$O:$O,$P$2&if($K5="S1","a",if($K5="S2","b","")),Students!$A:$A,AQ$2)+countifs(Students!$P:$P,$P5,Students!$Q:$Q,$P$2&if($K5="S1","a",if($K5="S2","b","")),Students!$A:$A,AQ$2)+countifs(Students!$R:$R,$P5,Students!$S:$S,$P$2&if($K5="S1","a",if($K5="S2","b","")),Students!$A:$A,AQ$2)+countifs(Students!$T:$T,$P5,Students!$U:$U,$P$2&if($K5="S1","a",if($K5="S2","b","")),Students!$A:$A,AQ$2)+countifs(Students!$V:$V,$P5,Students!$W:$W,$P$2&if($K5="S1","a",if($K5="S2","b","")),Students!$A:$A,AQ$2)+ countifs(Students!$D:$D,$S5,Students!$E:$E,$S$2&if($K5="S1","a",if($K5="S2","b","")),Students!$A:$A,AQ$2)+countifs(Students!$F:$F,$S5,Students!$G:$G,$S$2&if($K5="S1","a",if($K5="S2","b","")),Students!$A:$A,AQ$2)+countifs(Students!$H:$H,$S5,Students!$I:$I,$S$2&if($K5="S1","a",if($K5="S2","b","")),Students!$A:$A,AQ$2)+countifs(Students!$J:$J,$S5,Students!$K:$K,$S$2&if($K5="S1","a",if($K5="S2","b","")),Students!$A:$A,AQ$2)+countifs(Students!$L:$L,$S5,Students!$M:$M,$S$2&if($K5="S1","a",if($K5="S2","b","")),Students!$A:$A,AQ$2)+countifs(Students!$N:$N,$S5,Students!$O:$O,$S$2&if($K5="S1","a",if($K5="S2","b","")),Students!$A:$A,AQ$2)+countifs(Students!$P:$P,$S5,Students!$Q:$Q,$S$2&if($K5="S1","a",if($K5="S2","b","")),Students!$A:$A,AQ$2)+countifs(Students!$R:$R,$S5,Students!$S:$S,$S$2&if($K5="S1","a",if($K5="S2","b","")),Students!$A:$A,AQ$2)+countifs(Students!$T:$T,$S5,Students!$U:$U,$S$2&if($K5="S1","a",if($K5="S2","b","")),Students!$A:$A,AQ$2)+countifs(Students!$V:$V,$S5,Students!$W:$W,$S$2&if($K5="S1","a",if($K5="S2","b","")),Students!$A:$A,AQ$2)+ countifs(Students!$D:$D,$V5,Students!$E:$E,$V$2&if($K5="S1","a",if($K5="S2","b","")),Students!$A:$A,AQ$2)+countifs(Students!$F:$F,$V5,Students!$G:$G,$V$2&if($K5="S1","a",if($K5="S2","b","")),Students!$A:$A,AQ$2)+countifs(Students!$H:$H,$V5,Students!$I:$I,$V$2&if($K5="S1","a",if($K5="S2","b","")),Students!$A:$A,AQ$2)+countifs(Students!$J:$J,$V5,Students!$K:$K,$V$2&if($K5="S1","a",if($K5="S2","b","")),Students!$A:$A,AQ$2)+countifs(Students!$L:$L,$V5,Students!$M:$M,$V$2&if($K5="S1","a",if($K5="S2","b","")),Students!$A:$A,AQ$2)+countifs(Students!$N:$N,$V5,Students!$O:$O,$V$2&if($K5="S1","a",if($K5="S2","b","")),Students!$A:$A,AQ$2)+countifs(Students!$P:$P,$V5,Students!$Q:$Q,$V$2&if($K5="S1","a",if($K5="S2","b","")),Students!$A:$A,AQ$2)+countifs(Students!$R:$R,$V5,Students!$S:$S,$V$2&if($K5="S1","a",if($K5="S2","b","")),Students!$A:$A,AQ$2)+countifs(Students!$T:$T,$V5,Students!$U:$U,$V$2&if($K5="S1","a",if($K5="S2","b","")),Students!$A:$A,AQ$2)+countifs(Students!$V:$V,$V5,Students!$W:$W,$V$2&if($K5="S1","a",if($K5="S2","b","")),Students!$A:$A,AQ$2)+ countifs(Students!$D:$D,$Y5,Students!$E:$E,$Y$2&if($K5="S1","a",if($K5="S2","b","")),Students!$A:$A,AQ$2)+countifs(Students!$F:$F,$Y5,Students!$G:$G,$Y$2&if($K5="S1","a",if($K5="S2","b","")),Students!$A:$A,AQ$2)+countifs(Students!$H:$H,$Y5,Students!$I:$I,$Y$2&if($K5="S1","a",if($K5="S2","b","")),Students!$A:$A,AQ$2)+countifs(Students!$J:$J,$Y5,Students!$K:$K,$Y$2&if($K5="S1","a",if($K5="S2","b","")),Students!$A:$A,AQ$2)+countifs(Students!$L:$L,$Y5,Students!$M:$M,$Y$2&if($K5="S1","a",if($K5="S2","b","")),Students!$A:$A,AQ$2)+countifs(Students!$N:$N,$Y5,Students!$O:$O,$Y$2&if($K5="S1","a",if($K5="S2","b","")),Students!$A:$A,AQ$2)+countifs(Students!$P:$P,$Y5,Students!$Q:$Q,$Y$2&if($K5="S1","a",if($K5="S2","b","")),Students!$A:$A,AQ$2)+countifs(Students!$R:$R,$Y5,Students!$S:$S,$Y$2&if($K5="S1","a",if($K5="S2","b","")),Students!$A:$A,AQ$2)+countifs(Students!$T:$T,$Y5,Students!$U:$U,$Y$2&if($K5="S1","a",if($K5="S2","b","")),Students!$A:$A,AQ$2)+countifs(Students!$V:$V,$Y5,Students!$W:$W,$Y$2&if($K5="S1","a",if($K5="S2","b","")),Students!$A:$A,AQ$2)+ countifs(Students!$D:$D,$AB5,Students!$E:$E,$AB$2&if($K5="S1","a",if($K5="S2","b","")),Students!$A:$A,AQ$2)+countifs(Students!$F:$F,$AB5,Students!$G:$G,$AB$2&if($K5="S1","a",if($K5="S2","b","")),Students!$A:$A,AQ$2)+countifs(Students!$H:$H,$AB5,Students!$I:$I,$AB$2&if($K5="S1","a",if($K5="S2","b","")),Students!$A:$A,AQ$2)+countifs(Students!$J:$J,$AB5,Students!$K:$K,$AB$2&if($K5="S1","a",if($K5="S2","b","")),Students!$A:$A,AQ$2)+countifs(Students!$L:$L,$AB5,Students!$M:$M,$AB$2&if($K5="S1","a",if($K5="S2","b","")),Students!$A:$A,AQ$2)+countifs(Students!$N:$N,$AB5,Students!$O:$O,$AB$2&if($K5="S1","a",if($K5="S2","b","")),Students!$A:$A,AQ$2)+countifs(Students!$P:$P,$AB5,Students!$Q:$Q,$AB$2&if($K5="S1","a",if($K5="S2","b","")),Students!$A:$A,AQ$2)+countifs(Students!$R:$R,$AB5,Students!$S:$S,$AB$2&if($K5="S1","a",if($K5="S2","b","")),Students!$A:$A,AQ$2)+countifs(Students!$T:$T,$AB5,Students!$U:$U,$AB$2&if($K5="S1","a",if($K5="S2","b","")),Students!$A:$A,AQ$2)+countifs(Students!$V:$V,$AB5,Students!$W:$W,$AB$2&if($K5="S1","a",if($K5="S2","b","")),Students!$A:$A,AQ$2)+ countifs(Students!$D:$D,$AE5,Students!$E:$E,$AE$2&if($K5="S1","a",if($K5="S2","b","")),Students!$A:$A,AQ$2)+countifs(Students!$F:$F,$AE5,Students!$G:$G,$AE$2&if($K5="S1","a",if($K5="S2","b","")),Students!$A:$A,AQ$2)+countifs(Students!$H:$H,$AE5,Students!$I:$I,$AE$2&if($K5="S1","a",if($K5="S2","b","")),Students!$A:$A,AQ$2)+countifs(Students!$J:$J,$AE5,Students!$K:$K,$AE$2&if($K5="S1","a",if($K5="S2","b","")),Students!$A:$A,AQ$2)+countifs(Students!$L:$L,$AE5,Students!$M:$M,$AE$2&if($K5="S1","a",if($K5="S2","b","")),Students!$A:$A,AQ$2)+countifs(Students!$N:$N,$AE5,Students!$O:$O,$AE$2&if($K5="S1","a",if($K5="S2","b","")),Students!$A:$A,AQ$2)+countifs(Students!$P:$P,$AE5,Students!$Q:$Q,$AE$2&if($K5="S1","a",if($K5="S2","b","")),Students!$A:$A,AQ$2)+countifs(Students!$R:$R,$AE5,Students!$S:$S,$AE$2&if($K5="S1","a",if($K5="S2","b","")),Students!$A:$A,AQ$2)+countifs(Students!$T:$T,$AE5,Students!$U:$U,$AE$2&if($K5="S1","a",if($K5="S2","b","")),Students!$A:$A,AQ$2)+countifs(Students!$V:$V,$AE5,Students!$W:$W,$AE$2&if($K5="S1","a",if($K5="S2","b","")),Students!$A:$A,AQ$2)+ countifs(Students!$D:$D,$AH5,Students!$E:$E,$AH$2&if($K5="S1","a",if($K5="S2","b","")),Students!$A:$A,AQ$2)+countifs(Students!$F:$F,$AH5,Students!$G:$G,$AH$2&if($K5="S1","a",if($K5="S2","b","")),Students!$A:$A,AQ$2)+countifs(Students!$H:$H,$AH5,Students!$I:$I,$AH$2&if($K5="S1","a",if($K5="S2","b","")),Students!$A:$A,AQ$2)+countifs(Students!$J:$J,$AH5,Students!$K:$K,$AH$2&if($K5="S1","a",if($K5="S2","b","")),Students!$A:$A,AQ$2)+countifs(Students!$L:$L,$AH5,Students!$M:$M,$AH$2&if($K5="S1","a",if($K5="S2","b","")),Students!$A:$A,AQ$2)+countifs(Students!$N:$N,$AH5,Students!$O:$O,$AH$2&if($K5="S1","a",if($K5="S2","b","")),Students!$A:$A,AQ$2)+countifs(Students!$P:$P,$AH5,Students!$Q:$Q,$AH$2&if($K5="S1","a",if($K5="S2","b","")),Students!$A:$A,AQ$2)+countifs(Students!$R:$R,$AH5,Students!$S:$S,$AH$2&if($K5="S1","a",if($K5="S2","b","")),Students!$A:$A,AQ$2)+countifs(Students!$T:$T,$AH5,Students!$U:$U,$AH$2&if($K5="S1","a",if($K5="S2","b","")),Students!$A:$A,AQ$2)+countifs(Students!$V:$V,$AH5,Students!$W:$W,$AH$2&if($K5="S1","a",if($K5="S2","b","")),Students!$A:$A,AQ$2)+ countifs(Students!$D:$D,$AK5,Students!$E:$E,$AK$2&if($K5="S1","a",if($K5="S2","b","")),Students!$A:$A,AQ$2)+countifs(Students!$F:$F,$AK5,Students!$G:$G,$AK$2&if($K5="S1","a",if($K5="S2","b","")),Students!$A:$A,AQ$2)+countifs(Students!$H:$H,$AK5,Students!$I:$I,$AK$2&if($K5="S1","a",if($K5="S2","b","")),Students!$A:$A,AQ$2)+countifs(Students!$J:$J,$AK5,Students!$K:$K,$AK$2&if($K5="S1","a",if($K5="S2","b","")),Students!$A:$A,AQ$2)+countifs(Students!$L:$L,$AK5,Students!$M:$M,$AK$2&if($K5="S1","a",if($K5="S2","b","")),Students!$A:$A,AQ$2)+countifs(Students!$N:$N,$AK5,Students!$O:$O,$AK$2&if($K5="S1","a",if($K5="S2","b","")),Students!$A:$A,AQ$2)+countifs(Students!$P:$P,$AK5,Students!$Q:$Q,$AK$2&if($K5="S1","a",if($K5="S2","b","")),Students!$A:$A,AQ$2)+countifs(Students!$R:$R,$AK5,Students!$S:$S,$AK$2&if($K5="S1","a",if($K5="S2","b","")),Students!$A:$A,AQ$2)+countifs(Students!$T:$T,$AK5,Students!$U:$U,$AK$2&if($K5="S1","a",if($K5="S2","b","")),Students!$A:$A,AQ$2)+countifs(Students!$V:$V,$AK5,Students!$W:$W,$AK$2&if($K5="S1","a",if($K5="S2","b","")),Students!$A:$A,AQ$2)) -> 1 | AR5: =if($L5="","",countifs(Students!$D:$D,$P5,Students!$E:$E,$P$2&if($K5="S1","a",if($K5="S2","b","")),Students!$A:$A,AR$2)+countifs(Students!$F:$F,$P5,Students!$G:$G,$P$2&if($K5="S1","a",if($K5="S2","b","")),Students!$A:$A,AR$2)+countifs(Students!$H:$H,$P5,Students!$I:$I,$P$2&if($K5="S1","a",if($K5="S2","b","")),Students!$A:$A,AR$2)+countifs(Students!$J:$J,$P5,Students!$K:$K,$P$2&if($K5="S1","a",if($K5="S2","b","")),Students!$A:$A,AR$2)+countifs(Students!$L:$L,$P5,Students!$M:$M,$P$2&if($K5="S1","a",if($K5="S2","b","")),Students!$A:$A,AR$2)+countifs(Students!$N:$N,$P5,Students!$O:$O,$P$2&if($K5="S1","a",if($K5="S2","b","")),Students!$A:$A,AR$2)+countifs(Students!$P:$P,$P5,Students!$Q:$Q,$P$2&if($K5="S1","a",if($K5="S2","b","")),Students!$A:$A,AR$2)+countifs(Students!$R:$R,$P5,Students!$S:$S,$P$2&if($K5="S1","a",if($K5="S2","b","")),Students!$A:$A,AR$2)+countifs(Students!$T:$T,$P5,Students!$U:$U,$P$2&if($K5="S1","a",if($K5="S2","b","")),Students!$A:$A,AR$2)+countifs(Students!$V:$V,$P5,Students!$W:$W,$P$2&if($K5="S1","a",if($K5="S2","b","")),Students!$A:$A,AR$2)+ countifs(Students!$D:$D,$S5,Students!$E:$E,$S$2&if($K5="S1","a",if($K5="S2","b","")),Students!$A:$A,AR$2)+countifs(Students!$F:$F,$S5,Students!$G:$G,$S$2&if($K5="S1","a",if($K5="S2","b","")),Students!$A:$A,AR$2)+countifs(Students!$H:$H,$S5,Students!$I:$I,$S$2&if($K5="S1","a",if($K5="S2","b","")),Students!$A:$A,AR$2)+countifs(Students!$J:$J,$S5,Students!$K:$K,$S$2&if($K5="S1","a",if($K5="S2","b","")),Students!$A:$A,AR$2)+countifs(Students!$L:$L,$S5,Students!$M:$M,$S$2&if($K5="S1","a",if($K5="S2","b","")),Students!$A:$A,AR$2)+countifs(Students!$N:$N,$S5,Students!$O:$O,$S$2&if($K5="S1","a",if($K5="S2","b","")),Students!$A:$A,AR$2)+countifs(Students!$P:$P,$S5,Students!$Q:$Q,$S$2&if($K5="S1","a",if($K5="S2","b","")),Students!$A:$A,AR$2)+countifs(Students!$R:$R,$S5,Students!$S:$S,$S$2&if($K5="S1","a",if($K5="S2","b","")),Students!$A:$A,AR$2)+countifs(Students!$T:$T,$S5,Students!$U:$U,$S$2&if($K5="S1","a",if($K5="S2","b","")),Students!$A:$A,AR$2)+countifs(Students!$V:$V,$S5,Students!$W:$W,$S$2&if($K5="S1","a",if($K5="S2","b","")),Students!$A:$A,AR$2)+ countifs(Students!$D:$D,$V5,Students!$E:$E,$V$2&if($K5="S1","a",if($K5="S2","b","")),Students!$A:$A,AR$2)+countifs(Students!$F:$F,$V5,Students!$G:$G,$V$2&if($K5="S1","a",if($K5="S2","b","")),Students!$A:$A,AR$2)+countifs(Students!$H:$H,$V5,Students!$I:$I,$V$2&if($K5="S1","a",if($K5="S2","b","")),Students!$A:$A,AR$2)+countifs(Students!$J:$J,$V5,Students!$K:$K,$V$2&if($K5="S1","a",if($K5="S2","b","")),Students!$A:$A,AR$2)+countifs(Students!$L:$L,$V5,Students!$M:$M,$V$2&if($K5="S1","a",if($K5="S2","b","")),Students!$A:$A,AR$2)+countifs(Students!$N:$N,$V5,Students!$O:$O,$V$2&if($K5="S1","a",if($K5="S2","b","")),Students!$A:$A,AR$2)+countifs(Students!$P:$P,$V5,Students!$Q:$Q,$V$2&if($K5="S1","a",if($K5="S2","b","")),Students!$A:$A,AR$2)+countifs(Students!$R:$R,$V5,Students!$S:$S,$V$2&if($K5="S1","a",if($K5="S2","b","")),Students!$A:$A,AR$2)+countifs(Students!$T:$T,$V5,Students!$U:$U,$V$2&if($K5="S1","a",if($K5="S2","b","")),Students!$A:$A,AR$2)+countifs(Students!$V:$V,$V5,Students!$W:$W,$V$2&if($K5="S1","a",if($K5="S2","b","")),Students!$A:$A,AR$2)+ countifs(Students!$D:$D,$Y5,Students!$E:$E,$Y$2&if($K5="S1","a",if($K5="S2","b","")),Students!$A:$A,AR$2)+countifs(Students!$F:$F,$Y5,Students!$G:$G,$Y$2&if($K5="S1","a",if($K5="S2","b","")),Students!$A:$A,AR$2)+countifs(Students!$H:$H,$Y5,Students!$I:$I,$Y$2&if($K5="S1","a",if($K5="S2","b","")),Students!$A:$A,AR$2)+countifs(Students!$J:$J,$Y5,Students!$K:$K,$Y$2&if($K5="S1","a",if($K5="S2","b","")),Students!$A:$A,AR$2)+countifs(Students!$L:$L,$Y5,Students!$M:$M,$Y$2&if($K5="S1","a",if($K5="S2","b","")),Students!$A:$A,AR$2)+countifs(Students!$N:$N,$Y5,Students!$O:$O,$Y$2&if($K5="S1","a",if($K5="S2","b","")),Students!$A:$A,AR$2)+countifs(Students!$P:$P,$Y5,Students!$Q:$Q,$Y$2&if($K5="S1","a",if($K5="S2","b","")),Students!$A:$A,AR$2)+countifs(Students!$R:$R,$Y5,Students!$S:$S,$Y$2&if($K5="S1","a",if($K5="S2","b","")),Students!$A:$A,AR$2)+countifs(Students!$T:$T,$Y5,Students!$U:$U,$Y$2&if($K5="S1","a",if($K5="S2","b","")),Students!$A:$A,AR$2)+countifs(Students!$V:$V,$Y5,Students!$W:$W,$Y$2&if($K5="S1","a",if($K5="S2","b","")),Students!$A:$A,AR$2)+ countifs(Students!$D:$D,$AB5,Students!$E:$E,$AB$2&if($K5="S1","a",if($K5="S2","b","")),Students!$A:$A,AR$2)+countifs(Students!$F:$F,$AB5,Students!$G:$G,$AB$2&if($K5="S1","a",if($K5="S2","b","")),Students!$A:$A,AR$2)+countifs(Students!$H:$H,$AB5,Students!$I:$I,$AB$2&if($K5="S1","a",if($K5="S2","b","")),Students!$A:$A,AR$2)+countifs(Students!$J:$J,$AB5,Students!$K:$K,$AB$2&if($K5="S1","a",if($K5="S2","b","")),Students!$A:$A,AR$2)+countifs(Students!$L:$L,$AB5,Students!$M:$M,$AB$2&if($K5="S1","a",if($K5="S2","b","")),Students!$A:$A,AR$2)+countifs(Students!$N:$N,$AB5,Students!$O:$O,$AB$2&if($K5="S1","a",if($K5="S2","b","")),Students!$A:$A,AR$2)+countifs(Students!$P:$P,$AB5,Students!$Q:$Q,$AB$2&if($K5="S1","a",if($K5="S2","b","")),Students!$A:$A,AR$2)+countifs(Students!$R:$R,$AB5,Students!$S:$S,$AB$2&if($K5="S1","a",if($K5="S2","b","")),Students!$A:$A,AR$2)+countifs(Students!$T:$T,$AB5,Students!$U:$U,$AB$2&if($K5="S1","a",if($K5="S2","b","")),Students!$A:$A,AR$2)+countifs(Students!$V:$V,$AB5,Students!$W:$W,$AB$2&if($K5="S1","a",if($K5="S2","b","")),Students!$A:$A,AR$2)+ countifs(Students!$D:$D,$AE5,Students!$E:$E,$AE$2&if($K5="S1","a",if($K5="S2","b","")),Students!$A:$A,AR$2)+countifs(Students!$F:$F,$AE5,Students!$G:$G,$AE$2&if($K5="S1","a",if($K5="S2","b","")),Students!$A:$A,AR$2)+countifs(Students!$H:$H,$AE5,Students!$I:$I,$AE$2&if($K5="S1","a",if($K5="S2","b","")),Students!$A:$A,AR$2)+countifs(Students!$J:$J,$AE5,Students!$K:$K,$AE$2&if($K5="S1","a",if($K5="S2","b","")),Students!$A:$A,AR$2)+countifs(Students!$L:$L,$AE5,Students!$M:$M,$AE$2&if($K5="S1","a",if($K5="S2","b","")),Students!$A:$A,AR$2)+countifs(Students!$N:$N,$AE5,Students!$O:$O,$AE$2&if($K5="S1","a",if($K5="S2","b","")),Students!$A:$A,AR$2)+countifs(Students!$P:$P,$AE5,Students!$Q:$Q,$AE$2&if($K5="S1","a",if($K5="S2","b","")),Students!$A:$A,AR$2)+countifs(Students!$R:$R,$AE5,Students!$S:$S,$AE$2&if($K5="S1","a",if($K5="S2","b","")),Students!$A:$A,AR$2)+countifs(Students!$T:$T,$AE5,Students!$U:$U,$AE$2&if($K5="S1","a",if($K5="S2","b","")),Students!$A:$A,AR$2)+countifs(Students!$V:$V,$AE5,Students!$W:$W,$AE$2&if($K5="S1","a",if($K5="S2","b","")),Students!$A:$A,AR$2)+ countifs(Students!$D:$D,$AH5,Students!$E:$E,$AH$2&if($K5="S1","a",if($K5="S2","b","")),Students!$A:$A,AR$2)+countifs(Students!$F:$F,$AH5,Students!$G:$G,$AH$2&if($K5="S1","a",if($K5="S2","b","")),Students!$A:$A,AR$2)+countifs(Students!$H:$H,$AH5,Students!$I:$I,$AH$2&if($K5="S1","a",if($K5="S2","b","")),Students!$A:$A,AR$2)+countifs(Students!$J:$J,$AH5,Students!$K:$K,$AH$2&if($K5="S1","a",if($K5="S2","b","")),Students!$A:$A,AR$2)+countifs(Students!$L:$L,$AH5,Students!$M:$M,$AH$2&if($K5="S1","a",if($K5="S2","b","")),Students!$A:$A,AR$2)+countifs(Students!$N:$N,$AH5,Students!$O:$O,$AH$2&if($K5="S1","a",if($K5="S2","b","")),Students!$A:$A,AR$2)+countifs(Students!$P:$P,$AH5,Students!$Q:$Q,$AH$2&if($K5="S1","a",if($K5="S2","b","")),Students!$A:$A,AR$2)+countifs(Students!$R:$R,$AH5,Students!$S:$S,$AH$2&if($K5="S1","a",if($K5="S2","b","")),Students!$A:$A,AR$2)+countifs(Students!$T:$T,$AH5,Students!$U:$U,$AH$2&if($K5="S1","a",if($K5="S2","b","")),Students!$A:$A,AR$2)+countifs(Students!$V:$V,$AH5,Students!$W:$W,$AH$2&if($K5="S1","a",if($K5="S2","b","")),Students!$A:$A,AR$2)+ countifs(Students!$D:$D,$AK5,Students!$E:$E,$AK$2&if($K5="S1","a",if($K5="S2","b","")),Students!$A:$A,AR$2)+countifs(Students!$F:$F,$AK5,Students!$G:$G,$AK$2&if($K5="S1","a",if($K5="S2","b","")),Students!$A:$A,AR$2)+countifs(Students!$H:$H,$AK5,Students!$I:$I,$AK$2&if($K5="S1","a",if($K5="S2","b","")),Students!$A:$A,AR$2)+countifs(Students!$J:$J,$AK5,Students!$K:$K,$AK$2&if($K5="S1","a",if($K5="S2","b","")),Students!$A:$A,AR$2)+countifs(Students!$L:$L,$AK5,Students!$M:$M,$AK$2&if($K5="S1","a",if($K5="S2","b","")),Students!$A:$A,AR$2)+countifs(Students!$N:$N,$AK5,Students!$O:$O,$AK$2&if($K5="S1","a",if($K5="S2","b","")),Students!$A:$A,AR$2)+countifs(Students!$P:$P,$AK5,Students!$Q:$Q,$AK$2&if($K5="S1","a",if($K5="S2","b","")),Students!$A:$A,AR$2)+countifs(Students!$R:$R,$AK5,Students!$S:$S,$AK$2&if($K5="S1","a",if($K5="S2","b","")),Students!$A:$A,AR$2)+countifs(Students!$T:$T,$AK5,Students!$U:$U,$AK$2&if($K5="S1","a",if($K5="S2","b","")),Students!$A:$A,AR$2)+countifs(Students!$V:$V,$AK5,Students!$W:$W,$AK$2&if($K5="S1","a",if($K5="S2","b","")),Students!$A:$A,AR$2)) -> 4 | AS5: =if($L5="","",countifs(Students!$D:$D,$P5,Students!$E:$E,$P$2&if($K5="S1","a",if($K5="S2","b","")),Students!$A:$A,AS$2)+countifs(Students!$F:$F,$P5,Students!$G:$G,$P$2&if($K5="S1","a",if($K5="S2","b","")),Students!$A:$A,AS$2)+countifs(Students!$H:$H,$P5,Students!$I:$I,$P$2&if($K5="S1","a",if($K5="S2","b","")),Students!$A:$A,AS$2)+countifs(Students!$J:$J,$P5,Students!$K:$K,$P$2&if($K5="S1","a",if($K5="S2","b","")),Students!$A:$A,AS$2)+countifs(Students!$L:$L,$P5,Students!$M:$M,$P$2&if($K5="S1","a",if($K5="S2","b","")),Students!$A:$A,AS$2)+countifs(Students!$N:$N,$P5,Students!$O:$O,$P$2&if($K5="S1","a",if($K5="S2","b","")),Students!$A:$A,AS$2)+countifs(Students!$P:$P,$P5,Students!$Q:$Q,$P$2&if($K5="S1","a",if($K5="S2","b","")),Students!$A:$A,AS$2)+countifs(Students!$R:$R,$P5,Students!$S:$S,$P$2&if($K5="S1","a",if($K5="S2","b","")),Students!$A:$A,AS$2)+countifs(Students!$T:$T,$P5,Students!$U:$U,$P$2&if($K5="S1","a",if($K5="S2","b","")),Students!$A:$A,AS$2)+countifs(Students!$V:$V,$P5,Students!$W:$W,$P$2&if($K5="S1","a",if($K5="S2","b","")),Students!$A:$A,AS$2)+ countifs(Students!$D:$D,$S5,Students!$E:$E,$S$2&if($K5="S1","a",if($K5="S2","b","")),Students!$A:$A,AS$2)+countifs(Students!$F:$F,$S5,Students!$G:$G,$S$2&if($K5="S1","a",if($K5="S2","b","")),Students!$A:$A,AS$2)+countifs(Students!$H:$H,$S5,Students!$I:$I,$S$2&if($K5="S1","a",if($K5="S2","b","")),Students!$A:$A,AS$2)+countifs(Students!$J:$J,$S5,Students!$K:$K,$S$2&if($K5="S1","a",if($K5="S2","b","")),Students!$A:$A,AS$2)+countifs(Students!$L:$L,$S5,Students!$M:$M,$S$2&if($K5="S1","a",if($K5="S2","b","")),Students!$A:$A,AS$2)+countifs(Students!$N:$N,$S5,Students!$O:$O,$S$2&if($K5="S1","a",if($K5="S2","b","")),Students!$A:$A,AS$2)+countifs(Students!$P:$P,$S5,Students!$Q:$Q,$S$2&if($K5="S1","a",if($K5="S2","b","")),Students!$A:$A,AS$2)+countifs(Students!$R:$R,$S5,Students!$S:$S,$S$2&if($K5="S1","a",if($K5="S2","b","")),Students!$A:$A,AS$2)+countifs(Students!$T:$T,$S5,Students!$U:$U,$S$2&if($K5="S1","a",if($K5="S2","b","")),Students!$A:$A,AS$2)+countifs(Students!$V:$V,$S5,Students!$W:$W,$S$2&if($K5="S1","a",if($K5="S2","b","")),Students!$A:$A,AS$2)+ countifs(Students!$D:$D,$V5,Students!$E:$E,$V$2&if($K5="S1","a",if($K5="S2","b","")),Students!$A:$A,AS$2)+countifs(Students!$F:$F,$V5,Students!$G:$G,$V$2&if($K5="S1","a",if($K5="S2","b","")),Students!$A:$A,AS$2)+countifs(Students!$H:$H,$V5,Students!$I:$I,$V$2&if($K5="S1","a",if($K5="S2","b","")),Students!$A:$A,AS$2)+countifs(Students!$J:$J,$V5,Students!$K:$K,$V$2&if($K5="S1","a",if($K5="S2","b","")),Students!$A:$A,AS$2)+countifs(Students!$L:$L,$V5,Students!$M:$M,$V$2&if($K5="S1","a",if($K5="S2","b","")),Students!$A:$A,AS$2)+countifs(Students!$N:$N,$V5,Students!$O:$O,$V$2&if($K5="S1","a",if($K5="S2","b","")),Students!$A:$A,AS$2)+countifs(Students!$P:$P,$V5,Students!$Q:$Q,$V$2&if($K5="S1","a",if($K5="S2","b","")),Students!$A:$A,AS$2)+countifs(Students!$R:$R,$V5,Students!$S:$S,$V$2&if($K5="S1","a",if($K5="S2","b","")),Students!$A:$A,AS$2)+countifs(Students!$T:$T,$V5,Students!$U:$U,$V$2&if($K5="S1","a",if($K5="S2","b","")),Students!$A:$A,AS$2)+countifs(Students!$V:$V,$V5,Students!$W:$W,$V$2&if($K5="S1","a",if($K5="S2","b","")),Students!$A:$A,AS$2)+ countifs(Students!$D:$D,$Y5,Students!$E:$E,$Y$2&if($K5="S1","a",if($K5="S2","b","")),Students!$A:$A,AS$2)+countifs(Students!$F:$F,$Y5,Students!$G:$G,$Y$2&if($K5="S1","a",if($K5="S2","b","")),Students!$A:$A,AS$2)+countifs(Students!$H:$H,$Y5,Students!$I:$I,$Y$2&if($K5="S1","a",if($K5="S2","b","")),Students!$A:$A,AS$2)+countifs(Students!$J:$J,$Y5,Students!$K:$K,$Y$2&if($K5="S1","a",if($K5="S2","b","")),Students!$A:$A,AS$2)+countifs(Students!$L:$L,$Y5,Students!$M:$M,$Y$2&if($K5="S1","a",if($K5="S2","b","")),Students!$A:$A,AS$2)+countifs(Students!$N:$N,$Y5,Students!$O:$O,$Y$2&if($K5="S1","a",if($K5="S2","b","")),Students!$A:$A,AS$2)+countifs(Students!$P:$P,$Y5,Students!$Q:$Q,$Y$2&if($K5="S1","a",if($K5="S2","b","")),Students!$A:$A,AS$2)+countifs(Students!$R:$R,$Y5,Students!$S:$S,$Y$2&if($K5="S1","a",if($K5="S2","b","")),Students!$A:$A,AS$2)+countifs(Students!$T:$T,$Y5,Students!$U:$U,$Y$2&if($K5="S1","a",if($K5="S2","b","")),Students!$A:$A,AS$2)+countifs(Students!$V:$V,$Y5,Students!$W:$W,$Y$2&if($K5="S1","a",if($K5="S2","b","")),Students!$A:$A,AS$2)+ countifs(Students!$D:$D,$AB5,Students!$E:$E,$AB$2&if($K5="S1","a",if($K5="S2","b","")),Students!$A:$A,AS$2)+countifs(Students!$F:$F,$AB5,Students!$G:$G,$AB$2&if($K5="S1","a",if($K5="S2","b","")),Students!$A:$A,AS$2)+countifs(Students!$H:$H,$AB5,Students!$I:$I,$AB$2&if($K5="S1","a",if($K5="S2","b","")),Students!$A:$A,AS$2)+countifs(Students!$J:$J,$AB5,Students!$K:$K,$AB$2&if($K5="S1","a",if($K5="S2","b","")),Students!$A:$A,AS$2)+countifs(Students!$L:$L,$AB5,Students!$M:$M,$AB$2&if($K5="S1","a",if($K5="S2","b","")),Students!$A:$A,AS$2)+countifs(Students!$N:$N,$AB5,Students!$O:$O,$AB$2&if($K5="S1","a",if($K5="S2","b","")),Students!$A:$A,AS$2)+countifs(Students!$P:$P,$AB5,Students!$Q:$Q,$AB$2&if($K5="S1","a",if($K5="S2","b","")),Students!$A:$A,AS$2)+countifs(Students!$R:$R,$AB5,Students!$S:$S,$AB$2&if($K5="S1","a",if($K5="S2","b","")),Students!$A:$A,AS$2)+countifs(Students!$T:$T,$AB5,Students!$U:$U,$AB$2&if($K5="S1","a",if($K5="S2","b","")),Students!$A:$A,AS$2)+countifs(Students!$V:$V,$AB5,Students!$W:$W,$AB$2&if($K5="S1","a",if($K5="S2","b","")),Students!$A:$A,AS$2)+ countifs(Students!$D:$D,$AE5,Students!$E:$E,$AE$2&if($K5="S1","a",if($K5="S2","b","")),Students!$A:$A,AS$2)+countifs(Students!$F:$F,$AE5,Students!$G:$G,$AE$2&if($K5="S1","a",if($K5="S2","b","")),Students!$A:$A,AS$2)+countifs(Students!$H:$H,$AE5,Students!$I:$I,$AE$2&if($K5="S1","a",if($K5="S2","b","")),Students!$A:$A,AS$2)+countifs(Students!$J:$J,$AE5,Students!$K:$K,$AE$2&if($K5="S1","a",if($K5="S2","b","")),Students!$A:$A,AS$2)+countifs(Students!$L:$L,$AE5,Students!$M:$M,$AE$2&if($K5="S1","a",if($K5="S2","b","")),Students!$A:$A,AS$2)+countifs(Students!$N:$N,$AE5,Students!$O:$O,$AE$2&if($K5="S1","a",if($K5="S2","b","")),Students!$A:$A,AS$2)+countifs(Students!$P:$P,$AE5,Students!$Q:$Q,$AE$2&if($K5="S1","a",if($K5="S2","b","")),Students!$A:$A,AS$2)+countifs(Students!$R:$R,$AE5,Students!$S:$S,$AE$2&if($K5="S1","a",if($K5="S2","b","")),Students!$A:$A,AS$2)+countifs(Students!$T:$T,$AE5,Students!$U:$U,$AE$2&if($K5="S1","a",if($K5="S2","b","")),Students!$A:$A,AS$2)+countifs(Students!$V:$V,$AE5,Students!$W:$W,$AE$2&if($K5="S1","a",if($K5="S2","b","")),Students!$A:$A,AS$2)+ countifs(Students!$D:$D,$AH5,Students!$E:$E,$AH$2&if($K5="S1","a",if($K5="S2","b","")),Students!$A:$A,AS$2)+countifs(Students!$F:$F,$AH5,Students!$G:$G,$AH$2&if($K5="S1","a",if($K5="S2","b","")),Students!$A:$A,AS$2)+countifs(Students!$H:$H,$AH5,Students!$I:$I,$AH$2&if($K5="S1","a",if($K5="S2","b","")),Students!$A:$A,AS$2)+countifs(Students!$J:$J,$AH5,Students!$K:$K,$AH$2&if($K5="S1","a",if($K5="S2","b","")),Students!$A:$A,AS$2)+countifs(Students!$L:$L,$AH5,Students!$M:$M,$AH$2&if($K5="S1","a",if($K5="S2","b","")),Students!$A:$A,AS$2)+countifs(Students!$N:$N,$AH5,Students!$O:$O,$AH$2&if($K5="S1","a",if($K5="S2","b","")),Students!$A:$A,AS$2)+countifs(Students!$P:$P,$AH5,Students!$Q:$Q,$AH$2&if($K5="S1","a",if($K5="S2","b","")),Students!$A:$A,AS$2)+countifs(Students!$R:$R,$AH5,Students!$S:$S,$AH$2&if($K5="S1","a",if($K5="S2","b","")),Students!$A:$A,AS$2)+countifs(Students!$T:$T,$AH5,Students!$U:$U,$AH$2&if($K5="S1","a",if($K5="S2","b","")),Students!$A:$A,AS$2)+countifs(Students!$V:$V,$AH5,Students!$W:$W,$AH$2&if($K5="S1","a",if($K5="S2","b","")),Students!$A:$A,AS$2)+ countifs(Students!$D:$D,$AK5,Students!$E:$E,$AK$2&if($K5="S1","a",if($K5="S2","b","")),Students!$A:$A,AS$2)+countifs(Students!$F:$F,$AK5,Students!$G:$G,$AK$2&if($K5="S1","a",if($K5="S2","b","")),Students!$A:$A,AS$2)+countifs(Students!$H:$H,$AK5,Students!$I:$I,$AK$2&if($K5="S1","a",if($K5="S2","b","")),Students!$A:$A,AS$2)+countifs(Students!$J:$J,$AK5,Students!$K:$K,$AK$2&if($K5="S1","a",if($K5="S2","b","")),Students!$A:$A,AS$2)+countifs(Students!$L:$L,$AK5,Students!$M:$M,$AK$2&if($K5="S1","a",if($K5="S2","b","")),Students!$A:$A,AS$2)+countifs(Students!$N:$N,$AK5,Students!$O:$O,$AK$2&if($K5="S1","a",if($K5="S2","b","")),Students!$A:$A,AS$2)+countifs(Students!$P:$P,$AK5,Students!$Q:$Q,$AK$2&if($K5="S1","a",if($K5="S2","b","")),Students!$A:$A,AS$2)+countifs(Students!$R:$R,$AK5,Students!$S:$S,$AK$2&if($K5="S1","a",if($K5="S2","b","")),Students!$A:$A,AS$2)+countifs(Students!$T:$T,$AK5,Students!$U:$U,$AK$2&if($K5="S1","a",if($K5="S2","b","")),Students!$A:$A,AS$2)+countifs(Students!$V:$V,$AK5,Students!$W:$W,$AK$2&if($K5="S1","a",if($K5="S2","b","")),Students!$A:$A,AS$2)) -> 5
B6: 4 | C6: 4 | D6: 1 | E6: 6 | F6: 3 | G6: 7 | J6: 116 | L6: Gloria Velez | N6: 5 | O6: =IFERROR(__xludf.DUMMYFUNCTION("3*counta((transpose(filter(P6:AM6,P6:AM6<>"""",isnumber(P6:AM6)=false))))"),18.0) -> 18 | P6: Painting II | Q6: 1 | R6: 25 | V6: Sculpture I | W6: 1 | X6: 17 | Y6: Painting I | Z6: 3 | AA6: 24 | AB6: Painting I | AC6: 4 | AD6: 21 | AH6: Painting II | AI6: 2 | AJ6: 21 | AK6: AP Drawing | AL6: 1 | AM6: 8 | AO6: =if(L6="","",R6+U6+X6+AA6+AD6+AG6+AJ6+AM6) -> 116 | AP6: =if($L6="","",countifs(Students!$D:$D,$P6,Students!$E:$E,$P$2&if($K6="S1","a",if($K6="S2","b","")),Students!$A:$A,AP$2)+countifs(Students!$F:$F,$P6,Students!$G:$G,$P$2&if($K6="S1","a",if($K6="S2","b","")),Students!$A:$A,AP$2)+countifs(Students!$H:$H,$P6,Students!$I:$I,$P$2&if($K6="S1","a",if($K6="S2","b","")),Students!$A:$A,AP$2)+countifs(Students!$J:$J,$P6,Students!$K:$K,$P$2&if($K6="S1","a",if($K6="S2","b","")),Students!$A:$A,AP$2)+countifs(Students!$L:$L,$P6,Students!$M:$M,$P$2&if($K6="S1","a",if($K6="S2","b","")),Students!$A:$A,AP$2)+countifs(Students!$N:$N,$P6,Students!$O:$O,$P$2&if($K6="S1","a",if($K6="S2","b","")),Students!$A:$A,AP$2)+countifs(Students!$P:$P,$P6,Students!$Q:$Q,$P$2&if($K6="S1","a",if($K6="S2","b","")),Students!$A:$A,AP$2)+countifs(Students!$R:$R,$P6,Students!$S:$S,$P$2&if($K6="S1","a",if($K6="S2","b","")),Students!$A:$A,AP$2)+countifs(Students!$T:$T,$P6,Students!$U:$U,$P$2&if($K6="S1","a",if($K6="S2","b","")),Students!$A:$A,AP$2)+countifs(Students!$V:$V,$P6,Students!$W:$W,$P$2&if($K6="S1","a",if($K6="S2","b","")),Students!$A:$A,AP$2)+ countifs(Students!$D:$D,$S6,Students!$E:$E,$S$2&if($K6="S1","a",if($K6="S2","b","")),Students!$A:$A,AP$2)+countifs(Students!$F:$F,$S6,Students!$G:$G,$S$2&if($K6="S1","a",if($K6="S2","b","")),Students!$A:$A,AP$2)+countifs(Students!$H:$H,$S6,Students!$I:$I,$S$2&if($K6="S1","a",if($K6="S2","b","")),Students!$A:$A,AP$2)+countifs(Students!$J:$J,$S6,Students!$K:$K,$S$2&if($K6="S1","a",if($K6="S2","b","")),Students!$A:$A,AP$2)+countifs(Students!$L:$L,$S6,Students!$M:$M,$S$2&if($K6="S1","a",if($K6="S2","b","")),Students!$A:$A,AP$2)+countifs(Students!$N:$N,$S6,Students!$O:$O,$S$2&if($K6="S1","a",if($K6="S2","b","")),Students!$A:$A,AP$2)+countifs(Students!$P:$P,$S6,Students!$Q:$Q,$S$2&if($K6="S1","a",if($K6="S2","b","")),Students!$A:$A,AP$2)+countifs(Students!$R:$R,$S6,Students!$S:$S,$S$2&if($K6="S1","a",if($K6="S2","b","")),Students!$A:$A,AP$2)+countifs(Students!$T:$T,$S6,Students!$U:$U,$S$2&if($K6="S1","a",if($K6="S2","b","")),Students!$A:$A,AP$2)+countifs(Students!$V:$V,$S6,Students!$W:$W,$S$2&if($K6="S1","a",if($K6="S2","b","")),Students!$A:$A,AP$2)+ countifs(Students!$D:$D,$V6,Students!$E:$E,$V$2&if($K6="S1","a",if($K6="S2","b","")),Students!$A:$A,AP$2)+countifs(Students!$F:$F,$V6,Students!$G:$G,$V$2&if($K6="S1","a",if($K6="S2","b","")),Students!$A:$A,AP$2)+countifs(Students!$H:$H,$V6,Students!$I:$I,$V$2&if($K6="S1","a",if($K6="S2","b","")),Students!$A:$A,AP$2)+countifs(Students!$J:$J,$V6,Students!$K:$K,$V$2&if($K6="S1","a",if($K6="S2","b","")),Students!$A:$A,AP$2)+countifs(Students!$L:$L,$V6,Students!$M:$M,$V$2&if($K6="S1","a",if($K6="S2","b","")),Students!$A:$A,AP$2)+countifs(Students!$N:$N,$V6,Students!$O:$O,$V$2&if($K6="S1","a",if($K6="S2","b","")),Students!$A:$A,AP$2)+countifs(Students!$P:$P,$V6,Students!$Q:$Q,$V$2&if($K6="S1","a",if($K6="S2","b","")),Students!$A:$A,AP$2)+countifs(Students!$R:$R,$V6,Students!$S:$S,$V$2&if($K6="S1","a",if($K6="S2","b","")),Students!$A:$A,AP$2)+countifs(Students!$T:$T,$V6,Students!$U:$U,$V$2&if($K6="S1","a",if($K6="S2","b","")),Students!$A:$A,AP$2)+countifs(Students!$V:$V,$V6,Students!$W:$W,$V$2&if($K6="S1","a",if($K6="S2","b","")),Students!$A:$A,AP$2)+ countifs(Students!$D:$D,$Y6,Students!$E:$E,$Y$2&if($K6="S1","a",if($K6="S2","b","")),Students!$A:$A,AP$2)+countifs(Students!$F:$F,$Y6,Students!$G:$G,$Y$2&if($K6="S1","a",if($K6="S2","b","")),Students!$A:$A,AP$2)+countifs(Students!$H:$H,$Y6,Students!$I:$I,$Y$2&if($K6="S1","a",if($K6="S2","b","")),Students!$A:$A,AP$2)+countifs(Students!$J:$J,$Y6,Students!$K:$K,$Y$2&if($K6="S1","a",if($K6="S2","b","")),Students!$A:$A,AP$2)+countifs(Students!$L:$L,$Y6,Students!$M:$M,$Y$2&if($K6="S1","a",if($K6="S2","b","")),Students!$A:$A,AP$2)+countifs(Students!$N:$N,$Y6,Students!$O:$O,$Y$2&if($K6="S1","a",if($K6="S2","b","")),Students!$A:$A,AP$2)+countifs(Students!$P:$P,$Y6,Students!$Q:$Q,$Y$2&if($K6="S1","a",if($K6="S2","b","")),Students!$A:$A,AP$2)+countifs(Students!$R:$R,$Y6,Students!$S:$S,$Y$2&if($K6="S1","a",if($K6="S2","b","")),Students!$A:$A,AP$2)+countifs(Students!$T:$T,$Y6,Students!$U:$U,$Y$2&if($K6="S1","a",if($K6="S2","b","")),Students!$A:$A,AP$2)+countifs(Students!$V:$V,$Y6,Students!$W:$W,$Y$2&if($K6="S1","a",if($K6="S2","b","")),Students!$A:$A,AP$2)+ countifs(Students!$D:$D,$AB6,Students!$E:$E,$AB$2&if($K6="S1","a",if($K6="S2","b","")),Students!$A:$A,AP$2)+countifs(Students!$F:$F,$AB6,Students!$G:$G,$AB$2&if($K6="S1","a",if($K6="S2","b","")),Students!$A:$A,AP$2)+countifs(Students!$H:$H,$AB6,Students!$I:$I,$AB$2&if($K6="S1","a",if($K6="S2","b","")),Students!$A:$A,AP$2)+countifs(Students!$J:$J,$AB6,Students!$K:$K,$AB$2&if($K6="S1","a",if($K6="S2","b","")),Students!$A:$A,AP$2)+countifs(Students!$L:$L,$AB6,Students!$M:$M,$AB$2&if($K6="S1","a",if($K6="S2","b","")),Students!$A:$A,AP$2)+countifs(Students!$N:$N,$AB6,Students!$O:$O,$AB$2&if($K6="S1","a",if($K6="S2","b","")),Students!$A:$A,AP$2)+countifs(Students!$P:$P,$AB6,Students!$Q:$Q,$AB$2&if($K6="S1","a",if($K6="S2","b","")),Students!$A:$A,AP$2)+countifs(Students!$R:$R,$AB6,Students!$S:$S,$AB$2&if($K6="S1","a",if($K6="S2","b","")),Students!$A:$A,AP$2)+countifs(Students!$T:$T,$AB6,Students!$U:$U,$AB$2&if($K6="S1","a",if($K6="S2","b","")),Students!$A:$A,AP$2)+countifs(Students!$V:$V,$AB6,Students!$W:$W,$AB$2&if($K6="S1","a",if($K6="S2","b","")),Students!$A:$A,AP$2)+ countifs(Students!$D:$D,$AE6,Students!$E:$E,$AE$2&if($K6="S1","a",if($K6="S2","b","")),Students!$A:$A,AP$2)+countifs(Students!$F:$F,$AE6,Students!$G:$G,$AE$2&if($K6="S1","a",if($K6="S2","b","")),Students!$A:$A,AP$2)+countifs(Students!$H:$H,$AE6,Students!$I:$I,$AE$2&if($K6="S1","a",if($K6="S2","b","")),Students!$A:$A,AP$2)+countifs(Students!$J:$J,$AE6,Students!$K:$K,$AE$2&if($K6="S1","a",if($K6="S2","b","")),Students!$A:$A,AP$2)+countifs(Students!$L:$L,$AE6,Students!$M:$M,$AE$2&if($K6="S1","a",if($K6="S2","b","")),Students!$A:$A,AP$2)+countifs(Students!$N:$N,$AE6,Students!$O:$O,$AE$2&if($K6="S1","a",if($K6="S2","b","")),Students!$A:$A,AP$2)+countifs(Students!$P:$P,$AE6,Students!$Q:$Q,$AE$2&if($K6="S1","a",if($K6="S2","b","")),Students!$A:$A,AP$2)+countifs(Students!$R:$R,$AE6,Students!$S:$S,$AE$2&if($K6="S1","a",if($K6="S2","b","")),Students!$A:$A,AP$2)+countifs(Students!$T:$T,$AE6,Students!$U:$U,$AE$2&if($K6="S1","a",if($K6="S2","b","")),Students!$A:$A,AP$2)+countifs(Students!$V:$V,$AE6,Students!$W:$W,$AE$2&if($K6="S1","a",if($K6="S2","b","")),Students!$A:$A,AP$2)+ countifs(Students!$D:$D,$AH6,Students!$E:$E,$AH$2&if($K6="S1","a",if($K6="S2","b","")),Students!$A:$A,AP$2)+countifs(Students!$F:$F,$AH6,Students!$G:$G,$AH$2&if($K6="S1","a",if($K6="S2","b","")),Students!$A:$A,AP$2)+countifs(Students!$H:$H,$AH6,Students!$I:$I,$AH$2&if($K6="S1","a",if($K6="S2","b","")),Students!$A:$A,AP$2)+countifs(Students!$J:$J,$AH6,Students!$K:$K,$AH$2&if($K6="S1","a",if($K6="S2","b","")),Students!$A:$A,AP$2)+countifs(Students!$L:$L,$AH6,Students!$M:$M,$AH$2&if($K6="S1","a",if($K6="S2","b","")),Students!$A:$A,AP$2)+countifs(Students!$N:$N,$AH6,Students!$O:$O,$AH$2&if($K6="S1","a",if($K6="S2","b","")),Students!$A:$A,AP$2)+countifs(Students!$P:$P,$AH6,Students!$Q:$Q,$AH$2&if($K6="S1","a",if($K6="S2","b","")),Students!$A:$A,AP$2)+countifs(Students!$R:$R,$AH6,Students!$S:$S,$AH$2&if($K6="S1","a",if($K6="S2","b","")),Students!$A:$A,AP$2)+countifs(Students!$T:$T,$AH6,Students!$U:$U,$AH$2&if($K6="S1","a",if($K6="S2","b","")),Students!$A:$A,AP$2)+countifs(Students!$V:$V,$AH6,Students!$W:$W,$AH$2&if($K6="S1","a",if($K6="S2","b","")),Students!$A:$A,AP$2)+ countifs(Students!$D:$D,$AK6,Students!$E:$E,$AK$2&if($K6="S1","a",if($K6="S2","b","")),Students!$A:$A,AP$2)+countifs(Students!$F:$F,$AK6,Students!$G:$G,$AK$2&if($K6="S1","a",if($K6="S2","b","")),Students!$A:$A,AP$2)+countifs(Students!$H:$H,$AK6,Students!$I:$I,$AK$2&if($K6="S1","a",if($K6="S2","b","")),Students!$A:$A,AP$2)+countifs(Students!$J:$J,$AK6,Students!$K:$K,$AK$2&if($K6="S1","a",if($K6="S2","b","")),Students!$A:$A,AP$2)+countifs(Students!$L:$L,$AK6,Students!$M:$M,$AK$2&if($K6="S1","a",if($K6="S2","b","")),Students!$A:$A,AP$2)+countifs(Students!$N:$N,$AK6,Students!$O:$O,$AK$2&if($K6="S1","a",if($K6="S2","b","")),Students!$A:$A,AP$2)+countifs(Students!$P:$P,$AK6,Students!$Q:$Q,$AK$2&if($K6="S1","a",if($K6="S2","b","")),Students!$A:$A,AP$2)+countifs(Students!$R:$R,$AK6,Students!$S:$S,$AK$2&if($K6="S1","a",if($K6="S2","b","")),Students!$A:$A,AP$2)+countifs(Students!$T:$T,$AK6,Students!$U:$U,$AK$2&if($K6="S1","a",if($K6="S2","b","")),Students!$A:$A,AP$2)+countifs(Students!$V:$V,$AK6,Students!$W:$W,$AK$2&if($K6="S1","a",if($K6="S2","b","")),Students!$A:$A,AP$2)) -> 20 | AQ6: =if($L6="","",countifs(Students!$D:$D,$P6,Students!$E:$E,$P$2&if($K6="S1","a",if($K6="S2","b","")),Students!$A:$A,AQ$2)+countifs(Students!$F:$F,$P6,Students!$G:$G,$P$2&if($K6="S1","a",if($K6="S2","b","")),Students!$A:$A,AQ$2)+countifs(Students!$H:$H,$P6,Students!$I:$I,$P$2&if($K6="S1","a",if($K6="S2","b","")),Students!$A:$A,AQ$2)+countifs(Students!$J:$J,$P6,Students!$K:$K,$P$2&if($K6="S1","a",if($K6="S2","b","")),Students!$A:$A,AQ$2)+countifs(Students!$L:$L,$P6,Students!$M:$M,$P$2&if($K6="S1","a",if($K6="S2","b","")),Students!$A:$A,AQ$2)+countifs(Students!$N:$N,$P6,Students!$O:$O,$P$2&if($K6="S1","a",if($K6="S2","b","")),Students!$A:$A,AQ$2)+countifs(Students!$P:$P,$P6,Students!$Q:$Q,$P$2&if($K6="S1","a",if($K6="S2","b","")),Students!$A:$A,AQ$2)+countifs(Students!$R:$R,$P6,Students!$S:$S,$P$2&if($K6="S1","a",if($K6="S2","b","")),Students!$A:$A,AQ$2)+countifs(Students!$T:$T,$P6,Students!$U:$U,$P$2&if($K6="S1","a",if($K6="S2","b","")),Students!$A:$A,AQ$2)+countifs(Students!$V:$V,$P6,Students!$W:$W,$P$2&if($K6="S1","a",if($K6="S2","b","")),Students!$A:$A,AQ$2)+ countifs(Students!$D:$D,$S6,Students!$E:$E,$S$2&if($K6="S1","a",if($K6="S2","b","")),Students!$A:$A,AQ$2)+countifs(Students!$F:$F,$S6,Students!$G:$G,$S$2&if($K6="S1","a",if($K6="S2","b","")),Students!$A:$A,AQ$2)+countifs(Students!$H:$H,$S6,Students!$I:$I,$S$2&if($K6="S1","a",if($K6="S2","b","")),Students!$A:$A,AQ$2)+countifs(Students!$J:$J,$S6,Students!$K:$K,$S$2&if($K6="S1","a",if($K6="S2","b","")),Students!$A:$A,AQ$2)+countifs(Students!$L:$L,$S6,Students!$M:$M,$S$2&if($K6="S1","a",if($K6="S2","b","")),Students!$A:$A,AQ$2)+countifs(Students!$N:$N,$S6,Students!$O:$O,$S$2&if($K6="S1","a",if($K6="S2","b","")),Students!$A:$A,AQ$2)+countifs(Students!$P:$P,$S6,Students!$Q:$Q,$S$2&if($K6="S1","a",if($K6="S2","b","")),Students!$A:$A,AQ$2)+countifs(Students!$R:$R,$S6,Students!$S:$S,$S$2&if($K6="S1","a",if($K6="S2","b","")),Students!$A:$A,AQ$2)+countifs(Students!$T:$T,$S6,Students!$U:$U,$S$2&if($K6="S1","a",if($K6="S2","b","")),Students!$A:$A,AQ$2)+countifs(Students!$V:$V,$S6,Students!$W:$W,$S$2&if($K6="S1","a",if($K6="S2","b","")),Students!$A:$A,AQ$2)+ countifs(Students!$D:$D,$V6,Students!$E:$E,$V$2&if($K6="S1","a",if($K6="S2","b","")),Students!$A:$A,AQ$2)+countifs(Students!$F:$F,$V6,Students!$G:$G,$V$2&if($K6="S1","a",if($K6="S2","b","")),Students!$A:$A,AQ$2)+countifs(Students!$H:$H,$V6,Students!$I:$I,$V$2&if($K6="S1","a",if($K6="S2","b","")),Students!$A:$A,AQ$2)+countifs(Students!$J:$J,$V6,Students!$K:$K,$V$2&if($K6="S1","a",if($K6="S2","b","")),Students!$A:$A,AQ$2)+countifs(Students!$L:$L,$V6,Students!$M:$M,$V$2&if($K6="S1","a",if($K6="S2","b","")),Students!$A:$A,AQ$2)+countifs(Students!$N:$N,$V6,Students!$O:$O,$V$2&if($K6="S1","a",if($K6="S2","b","")),Students!$A:$A,AQ$2)+countifs(Students!$P:$P,$V6,Students!$Q:$Q,$V$2&if($K6="S1","a",if($K6="S2","b","")),Students!$A:$A,AQ$2)+countifs(Students!$R:$R,$V6,Students!$S:$S,$V$2&if($K6="S1","a",if($K6="S2","b","")),Students!$A:$A,AQ$2)+countifs(Students!$T:$T,$V6,Students!$U:$U,$V$2&if($K6="S1","a",if($K6="S2","b","")),Students!$A:$A,AQ$2)+countifs(Students!$V:$V,$V6,Students!$W:$W,$V$2&if($K6="S1","a",if($K6="S2","b","")),Students!$A:$A,AQ$2)+ countifs(Students!$D:$D,$Y6,Students!$E:$E,$Y$2&if($K6="S1","a",if($K6="S2","b","")),Students!$A:$A,AQ$2)+countifs(Students!$F:$F,$Y6,Students!$G:$G,$Y$2&if($K6="S1","a",if($K6="S2","b","")),Students!$A:$A,AQ$2)+countifs(Students!$H:$H,$Y6,Students!$I:$I,$Y$2&if($K6="S1","a",if($K6="S2","b","")),Students!$A:$A,AQ$2)+countifs(Students!$J:$J,$Y6,Students!$K:$K,$Y$2&if($K6="S1","a",if($K6="S2","b","")),Students!$A:$A,AQ$2)+countifs(Students!$L:$L,$Y6,Students!$M:$M,$Y$2&if($K6="S1","a",if($K6="S2","b","")),Students!$A:$A,AQ$2)+countifs(Students!$N:$N,$Y6,Students!$O:$O,$Y$2&if($K6="S1","a",if($K6="S2","b","")),Students!$A:$A,AQ$2)+countifs(Students!$P:$P,$Y6,Students!$Q:$Q,$Y$2&if($K6="S1","a",if($K6="S2","b","")),Students!$A:$A,AQ$2)+countifs(Students!$R:$R,$Y6,Students!$S:$S,$Y$2&if($K6="S1","a",if($K6="S2","b","")),Students!$A:$A,AQ$2)+countifs(Students!$T:$T,$Y6,Students!$U:$U,$Y$2&if($K6="S1","a",if($K6="S2","b","")),Students!$A:$A,AQ$2)+countifs(Students!$V:$V,$Y6,Students!$W:$W,$Y$2&if($K6="S1","a",if($K6="S2","b","")),Students!$A:$A,AQ$2)+ countifs(Students!$D:$D,$AB6,Students!$E:$E,$AB$2&if($K6="S1","a",if($K6="S2","b","")),Students!$A:$A,AQ$2)+countifs(Students!$F:$F,$AB6,Students!$G:$G,$AB$2&if($K6="S1","a",if($K6="S2","b","")),Students!$A:$A,AQ$2)+countifs(Students!$H:$H,$AB6,Students!$I:$I,$AB$2&if($K6="S1","a",if($K6="S2","b","")),Students!$A:$A,AQ$2)+countifs(Students!$J:$J,$AB6,Students!$K:$K,$AB$2&if($K6="S1","a",if($K6="S2","b","")),Students!$A:$A,AQ$2)+countifs(Students!$L:$L,$AB6,Students!$M:$M,$AB$2&if($K6="S1","a",if($K6="S2","b","")),Students!$A:$A,AQ$2)+countifs(Students!$N:$N,$AB6,Students!$O:$O,$AB$2&if($K6="S1","a",if($K6="S2","b","")),Students!$A:$A,AQ$2)+countifs(Students!$P:$P,$AB6,Students!$Q:$Q,$AB$2&if($K6="S1","a",if($K6="S2","b","")),Students!$A:$A,AQ$2)+countifs(Students!$R:$R,$AB6,Students!$S:$S,$AB$2&if($K6="S1","a",if($K6="S2","b","")),Students!$A:$A,AQ$2)+countifs(Students!$T:$T,$AB6,Students!$U:$U,$AB$2&if($K6="S1","a",if($K6="S2","b","")),Students!$A:$A,AQ$2)+countifs(Students!$V:$V,$AB6,Students!$W:$W,$AB$2&if($K6="S1","a",if($K6="S2","b","")),Students!$A:$A,AQ$2)+ countifs(Students!$D:$D,$AE6,Students!$E:$E,$AE$2&if($K6="S1","a",if($K6="S2","b","")),Students!$A:$A,AQ$2)+countifs(Students!$F:$F,$AE6,Students!$G:$G,$AE$2&if($K6="S1","a",if($K6="S2","b","")),Students!$A:$A,AQ$2)+countifs(Students!$H:$H,$AE6,Students!$I:$I,$AE$2&if($K6="S1","a",if($K6="S2","b","")),Students!$A:$A,AQ$2)+countifs(Students!$J:$J,$AE6,Students!$K:$K,$AE$2&if($K6="S1","a",if($K6="S2","b","")),Students!$A:$A,AQ$2)+countifs(Students!$L:$L,$AE6,Students!$M:$M,$AE$2&if($K6="S1","a",if($K6="S2","b","")),Students!$A:$A,AQ$2)+countifs(Students!$N:$N,$AE6,Students!$O:$O,$AE$2&if($K6="S1","a",if($K6="S2","b","")),Students!$A:$A,AQ$2)+countifs(Students!$P:$P,$AE6,Students!$Q:$Q,$AE$2&if($K6="S1","a",if($K6="S2","b","")),Students!$A:$A,AQ$2)+countifs(Students!$R:$R,$AE6,Students!$S:$S,$AE$2&if($K6="S1","a",if($K6="S2","b","")),Students!$A:$A,AQ$2)+countifs(Students!$T:$T,$AE6,Students!$U:$U,$AE$2&if($K6="S1","a",if($K6="S2","b","")),Students!$A:$A,AQ$2)+countifs(Students!$V:$V,$AE6,Students!$W:$W,$AE$2&if($K6="S1","a",if($K6="S2","b","")),Students!$A:$A,AQ$2)+ countifs(Students!$D:$D,$AH6,Students!$E:$E,$AH$2&if($K6="S1","a",if($K6="S2","b","")),Students!$A:$A,AQ$2)+countifs(Students!$F:$F,$AH6,Students!$G:$G,$AH$2&if($K6="S1","a",if($K6="S2","b","")),Students!$A:$A,AQ$2)+countifs(Students!$H:$H,$AH6,Students!$I:$I,$AH$2&if($K6="S1","a",if($K6="S2","b","")),Students!$A:$A,AQ$2)+countifs(Students!$J:$J,$AH6,Students!$K:$K,$AH$2&if($K6="S1","a",if($K6="S2","b","")),Students!$A:$A,AQ$2)+countifs(Students!$L:$L,$AH6,Students!$M:$M,$AH$2&if($K6="S1","a",if($K6="S2","b","")),Students!$A:$A,AQ$2)+countifs(Students!$N:$N,$AH6,Students!$O:$O,$AH$2&if($K6="S1","a",if($K6="S2","b","")),Students!$A:$A,AQ$2)+countifs(Students!$P:$P,$AH6,Students!$Q:$Q,$AH$2&if($K6="S1","a",if($K6="S2","b","")),Students!$A:$A,AQ$2)+countifs(Students!$R:$R,$AH6,Students!$S:$S,$AH$2&if($K6="S1","a",if($K6="S2","b","")),Students!$A:$A,AQ$2)+countifs(Students!$T:$T,$AH6,Students!$U:$U,$AH$2&if($K6="S1","a",if($K6="S2","b","")),Students!$A:$A,AQ$2)+countifs(Students!$V:$V,$AH6,Students!$W:$W,$AH$2&if($K6="S1","a",if($K6="S2","b","")),Students!$A:$A,AQ$2)+ countifs(Students!$D:$D,$AK6,Students!$E:$E,$AK$2&if($K6="S1","a",if($K6="S2","b","")),Students!$A:$A,AQ$2)+countifs(Students!$F:$F,$AK6,Students!$G:$G,$AK$2&if($K6="S1","a",if($K6="S2","b","")),Students!$A:$A,AQ$2)+countifs(Students!$H:$H,$AK6,Students!$I:$I,$AK$2&if($K6="S1","a",if($K6="S2","b","")),Students!$A:$A,AQ$2)+countifs(Students!$J:$J,$AK6,Students!$K:$K,$AK$2&if($K6="S1","a",if($K6="S2","b","")),Students!$A:$A,AQ$2)+countifs(Students!$L:$L,$AK6,Students!$M:$M,$AK$2&if($K6="S1","a",if($K6="S2","b","")),Students!$A:$A,AQ$2)+countifs(Students!$N:$N,$AK6,Students!$O:$O,$AK$2&if($K6="S1","a",if($K6="S2","b","")),Students!$A:$A,AQ$2)+countifs(Students!$P:$P,$AK6,Students!$Q:$Q,$AK$2&if($K6="S1","a",if($K6="S2","b","")),Students!$A:$A,AQ$2)+countifs(Students!$R:$R,$AK6,Students!$S:$S,$AK$2&if($K6="S1","a",if($K6="S2","b","")),Students!$A:$A,AQ$2)+countifs(Students!$T:$T,$AK6,Students!$U:$U,$AK$2&if($K6="S1","a",if($K6="S2","b","")),Students!$A:$A,AQ$2)+countifs(Students!$V:$V,$AK6,Students!$W:$W,$AK$2&if($K6="S1","a",if($K6="S2","b","")),Students!$A:$A,AQ$2)) -> 20 | AR6: =if($L6="","",countifs(Students!$D:$D,$P6,Students!$E:$E,$P$2&if($K6="S1","a",if($K6="S2","b","")),Students!$A:$A,AR$2)+countifs(Students!$F:$F,$P6,Students!$G:$G,$P$2&if($K6="S1","a",if($K6="S2","b","")),Students!$A:$A,AR$2)+countifs(Students!$H:$H,$P6,Students!$I:$I,$P$2&if($K6="S1","a",if($K6="S2","b","")),Students!$A:$A,AR$2)+countifs(Students!$J:$J,$P6,Students!$K:$K,$P$2&if($K6="S1","a",if($K6="S2","b","")),Students!$A:$A,AR$2)+countifs(Students!$L:$L,$P6,Students!$M:$M,$P$2&if($K6="S1","a",if($K6="S2","b","")),Students!$A:$A,AR$2)+countifs(Students!$N:$N,$P6,Students!$O:$O,$P$2&if($K6="S1","a",if($K6="S2","b","")),Students!$A:$A,AR$2)+countifs(Students!$P:$P,$P6,Students!$Q:$Q,$P$2&if($K6="S1","a",if($K6="S2","b","")),Students!$A:$A,AR$2)+countifs(Students!$R:$R,$P6,Students!$S:$S,$P$2&if($K6="S1","a",if($K6="S2","b","")),Students!$A:$A,AR$2)+countifs(Students!$T:$T,$P6,Students!$U:$U,$P$2&if($K6="S1","a",if($K6="S2","b","")),Students!$A:$A,AR$2)+countifs(Students!$V:$V,$P6,Students!$W:$W,$P$2&if($K6="S1","a",if($K6="S2","b","")),Students!$A:$A,AR$2)+ countifs(Students!$D:$D,$S6,Students!$E:$E,$S$2&if($K6="S1","a",if($K6="S2","b","")),Students!$A:$A,AR$2)+countifs(Students!$F:$F,$S6,Students!$G:$G,$S$2&if($K6="S1","a",if($K6="S2","b","")),Students!$A:$A,AR$2)+countifs(Students!$H:$H,$S6,Students!$I:$I,$S$2&if($K6="S1","a",if($K6="S2","b","")),Students!$A:$A,AR$2)+countifs(Students!$J:$J,$S6,Students!$K:$K,$S$2&if($K6="S1","a",if($K6="S2","b","")),Students!$A:$A,AR$2)+countifs(Students!$L:$L,$S6,Students!$M:$M,$S$2&if($K6="S1","a",if($K6="S2","b","")),Students!$A:$A,AR$2)+countifs(Students!$N:$N,$S6,Students!$O:$O,$S$2&if($K6="S1","a",if($K6="S2","b","")),Students!$A:$A,AR$2)+countifs(Students!$P:$P,$S6,Students!$Q:$Q,$S$2&if($K6="S1","a",if($K6="S2","b","")),Students!$A:$A,AR$2)+countifs(Students!$R:$R,$S6,Students!$S:$S,$S$2&if($K6="S1","a",if($K6="S2","b","")),Students!$A:$A,AR$2)+countifs(Students!$T:$T,$S6,Students!$U:$U,$S$2&if($K6="S1","a",if($K6="S2","b","")),Students!$A:$A,AR$2)+countifs(Students!$V:$V,$S6,Students!$W:$W,$S$2&if($K6="S1","a",if($K6="S2","b","")),Students!$A:$A,AR$2)+ countifs(Students!$D:$D,$V6,Students!$E:$E,$V$2&if($K6="S1","a",if($K6="S2","b","")),Students!$A:$A,AR$2)+countifs(Students!$F:$F,$V6,Students!$G:$G,$V$2&if($K6="S1","a",if($K6="S2","b","")),Students!$A:$A,AR$2)+countifs(Students!$H:$H,$V6,Students!$I:$I,$V$2&if($K6="S1","a",if($K6="S2","b","")),Students!$A:$A,AR$2)+countifs(Students!$J:$J,$V6,Students!$K:$K,$V$2&if($K6="S1","a",if($K6="S2","b","")),Students!$A:$A,AR$2)+countifs(Students!$L:$L,$V6,Students!$M:$M,$V$2&if($K6="S1","a",if($K6="S2","b","")),Students!$A:$A,AR$2)+countifs(Students!$N:$N,$V6,Students!$O:$O,$V$2&if($K6="S1","a",if($K6="S2","b","")),Students!$A:$A,AR$2)+countifs(Students!$P:$P,$V6,Students!$Q:$Q,$V$2&if($K6="S1","a",if($K6="S2","b","")),Students!$A:$A,AR$2)+countifs(Students!$R:$R,$V6,Students!$S:$S,$V$2&if($K6="S1","a",if($K6="S2","b","")),Students!$A:$A,AR$2)+countifs(Students!$T:$T,$V6,Students!$U:$U,$V$2&if($K6="S1","a",if($K6="S2","b","")),Students!$A:$A,AR$2)+countifs(Students!$V:$V,$V6,Students!$W:$W,$V$2&if($K6="S1","a",if($K6="S2","b","")),Students!$A:$A,AR$2)+ countifs(Students!$D:$D,$Y6,Students!$E:$E,$Y$2&if($K6="S1","a",if($K6="S2","b","")),Students!$A:$A,AR$2)+countifs(Students!$F:$F,$Y6,Students!$G:$G,$Y$2&if($K6="S1","a",if($K6="S2","b","")),Students!$A:$A,AR$2)+countifs(Students!$H:$H,$Y6,Students!$I:$I,$Y$2&if($K6="S1","a",if($K6="S2","b","")),Students!$A:$A,AR$2)+countifs(Students!$J:$J,$Y6,Students!$K:$K,$Y$2&if($K6="S1","a",if($K6="S2","b","")),Students!$A:$A,AR$2)+countifs(Students!$L:$L,$Y6,Students!$M:$M,$Y$2&if($K6="S1","a",if($K6="S2","b","")),Students!$A:$A,AR$2)+countifs(Students!$N:$N,$Y6,Students!$O:$O,$Y$2&if($K6="S1","a",if($K6="S2","b","")),Students!$A:$A,AR$2)+countifs(Students!$P:$P,$Y6,Students!$Q:$Q,$Y$2&if($K6="S1","a",if($K6="S2","b","")),Students!$A:$A,AR$2)+countifs(Students!$R:$R,$Y6,Students!$S:$S,$Y$2&if($K6="S1","a",if($K6="S2","b","")),Students!$A:$A,AR$2)+countifs(Students!$T:$T,$Y6,Students!$U:$U,$Y$2&if($K6="S1","a",if($K6="S2","b","")),Students!$A:$A,AR$2)+countifs(Students!$V:$V,$Y6,Students!$W:$W,$Y$2&if($K6="S1","a",if($K6="S2","b","")),Students!$A:$A,AR$2)+ countifs(Students!$D:$D,$AB6,Students!$E:$E,$AB$2&if($K6="S1","a",if($K6="S2","b","")),Students!$A:$A,AR$2)+countifs(Students!$F:$F,$AB6,Students!$G:$G,$AB$2&if($K6="S1","a",if($K6="S2","b","")),Students!$A:$A,AR$2)+countifs(Students!$H:$H,$AB6,Students!$I:$I,$AB$2&if($K6="S1","a",if($K6="S2","b","")),Students!$A:$A,AR$2)+countifs(Students!$J:$J,$AB6,Students!$K:$K,$AB$2&if($K6="S1","a",if($K6="S2","b","")),Students!$A:$A,AR$2)+countifs(Students!$L:$L,$AB6,Students!$M:$M,$AB$2&if($K6="S1","a",if($K6="S2","b","")),Students!$A:$A,AR$2)+countifs(Students!$N:$N,$AB6,Students!$O:$O,$AB$2&if($K6="S1","a",if($K6="S2","b","")),Students!$A:$A,AR$2)+countifs(Students!$P:$P,$AB6,Students!$Q:$Q,$AB$2&if($K6="S1","a",if($K6="S2","b","")),Students!$A:$A,AR$2)+countifs(Students!$R:$R,$AB6,Students!$S:$S,$AB$2&if($K6="S1","a",if($K6="S2","b","")),Students!$A:$A,AR$2)+countifs(Students!$T:$T,$AB6,Students!$U:$U,$AB$2&if($K6="S1","a",if($K6="S2","b","")),Students!$A:$A,AR$2)+countifs(Students!$V:$V,$AB6,Students!$W:$W,$AB$2&if($K6="S1","a",if($K6="S2","b","")),Students!$A:$A,AR$2)+ countifs(Students!$D:$D,$AE6,Students!$E:$E,$AE$2&if($K6="S1","a",if($K6="S2","b","")),Students!$A:$A,AR$2)+countifs(Students!$F:$F,$AE6,Students!$G:$G,$AE$2&if($K6="S1","a",if($K6="S2","b","")),Students!$A:$A,AR$2)+countifs(Students!$H:$H,$AE6,Students!$I:$I,$AE$2&if($K6="S1","a",if($K6="S2","b","")),Students!$A:$A,AR$2)+countifs(Students!$J:$J,$AE6,Students!$K:$K,$AE$2&if($K6="S1","a",if($K6="S2","b","")),Students!$A:$A,AR$2)+countifs(Students!$L:$L,$AE6,Students!$M:$M,$AE$2&if($K6="S1","a",if($K6="S2","b","")),Students!$A:$A,AR$2)+countifs(Students!$N:$N,$AE6,Students!$O:$O,$AE$2&if($K6="S1","a",if($K6="S2","b","")),Students!$A:$A,AR$2)+countifs(Students!$P:$P,$AE6,Students!$Q:$Q,$AE$2&if($K6="S1","a",if($K6="S2","b","")),Students!$A:$A,AR$2)+countifs(Students!$R:$R,$AE6,Students!$S:$S,$AE$2&if($K6="S1","a",if($K6="S2","b","")),Students!$A:$A,AR$2)+countifs(Students!$T:$T,$AE6,Students!$U:$U,$AE$2&if($K6="S1","a",if($K6="S2","b","")),Students!$A:$A,AR$2)+countifs(Students!$V:$V,$AE6,Students!$W:$W,$AE$2&if($K6="S1","a",if($K6="S2","b","")),Students!$A:$A,AR$2)+ countifs(Students!$D:$D,$AH6,Students!$E:$E,$AH$2&if($K6="S1","a",if($K6="S2","b","")),Students!$A:$A,AR$2)+countifs(Students!$F:$F,$AH6,Students!$G:$G,$AH$2&if($K6="S1","a",if($K6="S2","b","")),Students!$A:$A,AR$2)+countifs(Students!$H:$H,$AH6,Students!$I:$I,$AH$2&if($K6="S1","a",if($K6="S2","b","")),Students!$A:$A,AR$2)+countifs(Students!$J:$J,$AH6,Students!$K:$K,$AH$2&if($K6="S1","a",if($K6="S2","b","")),Students!$A:$A,AR$2)+countifs(Students!$L:$L,$AH6,Students!$M:$M,$AH$2&if($K6="S1","a",if($K6="S2","b","")),Students!$A:$A,AR$2)+countifs(Students!$N:$N,$AH6,Students!$O:$O,$AH$2&if($K6="S1","a",if($K6="S2","b","")),Students!$A:$A,AR$2)+countifs(Students!$P:$P,$AH6,Students!$Q:$Q,$AH$2&if($K6="S1","a",if($K6="S2","b","")),Students!$A:$A,AR$2)+countifs(Students!$R:$R,$AH6,Students!$S:$S,$AH$2&if($K6="S1","a",if($K6="S2","b","")),Students!$A:$A,AR$2)+countifs(Students!$T:$T,$AH6,Students!$U:$U,$AH$2&if($K6="S1","a",if($K6="S2","b","")),Students!$A:$A,AR$2)+countifs(Students!$V:$V,$AH6,Students!$W:$W,$AH$2&if($K6="S1","a",if($K6="S2","b","")),Students!$A:$A,AR$2)+ countifs(Students!$D:$D,$AK6,Students!$E:$E,$AK$2&if($K6="S1","a",if($K6="S2","b","")),Students!$A:$A,AR$2)+countifs(Students!$F:$F,$AK6,Students!$G:$G,$AK$2&if($K6="S1","a",if($K6="S2","b","")),Students!$A:$A,AR$2)+countifs(Students!$H:$H,$AK6,Students!$I:$I,$AK$2&if($K6="S1","a",if($K6="S2","b","")),Students!$A:$A,AR$2)+countifs(Students!$J:$J,$AK6,Students!$K:$K,$AK$2&if($K6="S1","a",if($K6="S2","b","")),Students!$A:$A,AR$2)+countifs(Students!$L:$L,$AK6,Students!$M:$M,$AK$2&if($K6="S1","a",if($K6="S2","b","")),Students!$A:$A,AR$2)+countifs(Students!$N:$N,$AK6,Students!$O:$O,$AK$2&if($K6="S1","a",if($K6="S2","b","")),Students!$A:$A,AR$2)+countifs(Students!$P:$P,$AK6,Students!$Q:$Q,$AK$2&if($K6="S1","a",if($K6="S2","b","")),Students!$A:$A,AR$2)+countifs(Students!$R:$R,$AK6,Students!$S:$S,$AK$2&if($K6="S1","a",if($K6="S2","b","")),Students!$A:$A,AR$2)+countifs(Students!$T:$T,$AK6,Students!$U:$U,$AK$2&if($K6="S1","a",if($K6="S2","b","")),Students!$A:$A,AR$2)+countifs(Students!$V:$V,$AK6,Students!$W:$W,$AK$2&if($K6="S1","a",if($K6="S2","b","")),Students!$A:$A,AR$2)) -> 45 | AS6: =if($L6="","",countifs(Students!$D:$D,$P6,Students!$E:$E,$P$2&if($K6="S1","a",if($K6="S2","b","")),Students!$A:$A,AS$2)+countifs(Students!$F:$F,$P6,Students!$G:$G,$P$2&if($K6="S1","a",if($K6="S2","b","")),Students!$A:$A,AS$2)+countifs(Students!$H:$H,$P6,Students!$I:$I,$P$2&if($K6="S1","a",if($K6="S2","b","")),Students!$A:$A,AS$2)+countifs(Students!$J:$J,$P6,Students!$K:$K,$P$2&if($K6="S1","a",if($K6="S2","b","")),Students!$A:$A,AS$2)+countifs(Students!$L:$L,$P6,Students!$M:$M,$P$2&if($K6="S1","a",if($K6="S2","b","")),Students!$A:$A,AS$2)+countifs(Students!$N:$N,$P6,Students!$O:$O,$P$2&if($K6="S1","a",if($K6="S2","b","")),Students!$A:$A,AS$2)+countifs(Students!$P:$P,$P6,Students!$Q:$Q,$P$2&if($K6="S1","a",if($K6="S2","b","")),Students!$A:$A,AS$2)+countifs(Students!$R:$R,$P6,Students!$S:$S,$P$2&if($K6="S1","a",if($K6="S2","b","")),Students!$A:$A,AS$2)+countifs(Students!$T:$T,$P6,Students!$U:$U,$P$2&if($K6="S1","a",if($K6="S2","b","")),Students!$A:$A,AS$2)+countifs(Students!$V:$V,$P6,Students!$W:$W,$P$2&if($K6="S1","a",if($K6="S2","b","")),Students!$A:$A,AS$2)+ countifs(Students!$D:$D,$S6,Students!$E:$E,$S$2&if($K6="S1","a",if($K6="S2","b","")),Students!$A:$A,AS$2)+countifs(Students!$F:$F,$S6,Students!$G:$G,$S$2&if($K6="S1","a",if($K6="S2","b","")),Students!$A:$A,AS$2)+countifs(Students!$H:$H,$S6,Students!$I:$I,$S$2&if($K6="S1","a",if($K6="S2","b","")),Students!$A:$A,AS$2)+countifs(Students!$J:$J,$S6,Students!$K:$K,$S$2&if($K6="S1","a",if($K6="S2","b","")),Students!$A:$A,AS$2)+countifs(Students!$L:$L,$S6,Students!$M:$M,$S$2&if($K6="S1","a",if($K6="S2","b","")),Students!$A:$A,AS$2)+countifs(Students!$N:$N,$S6,Students!$O:$O,$S$2&if($K6="S1","a",if($K6="S2","b","")),Students!$A:$A,AS$2)+countifs(Students!$P:$P,$S6,Students!$Q:$Q,$S$2&if($K6="S1","a",if($K6="S2","b","")),Students!$A:$A,AS$2)+countifs(Students!$R:$R,$S6,Students!$S:$S,$S$2&if($K6="S1","a",if($K6="S2","b","")),Students!$A:$A,AS$2)+countifs(Students!$T:$T,$S6,Students!$U:$U,$S$2&if($K6="S1","a",if($K6="S2","b","")),Students!$A:$A,AS$2)+countifs(Students!$V:$V,$S6,Students!$W:$W,$S$2&if($K6="S1","a",if($K6="S2","b","")),Students!$A:$A,AS$2)+ countifs(Students!$D:$D,$V6,Students!$E:$E,$V$2&if($K6="S1","a",if($K6="S2","b","")),Students!$A:$A,AS$2)+countifs(Students!$F:$F,$V6,Students!$G:$G,$V$2&if($K6="S1","a",if($K6="S2","b","")),Students!$A:$A,AS$2)+countifs(Students!$H:$H,$V6,Students!$I:$I,$V$2&if($K6="S1","a",if($K6="S2","b","")),Students!$A:$A,AS$2)+countifs(Students!$J:$J,$V6,Students!$K:$K,$V$2&if($K6="S1","a",if($K6="S2","b","")),Students!$A:$A,AS$2)+countifs(Students!$L:$L,$V6,Students!$M:$M,$V$2&if($K6="S1","a",if($K6="S2","b","")),Students!$A:$A,AS$2)+countifs(Students!$N:$N,$V6,Students!$O:$O,$V$2&if($K6="S1","a",if($K6="S2","b","")),Students!$A:$A,AS$2)+countifs(Students!$P:$P,$V6,Students!$Q:$Q,$V$2&if($K6="S1","a",if($K6="S2","b","")),Students!$A:$A,AS$2)+countifs(Students!$R:$R,$V6,Students!$S:$S,$V$2&if($K6="S1","a",if($K6="S2","b","")),Students!$A:$A,AS$2)+countifs(Students!$T:$T,$V6,Students!$U:$U,$V$2&if($K6="S1","a",if($K6="S2","b","")),Students!$A:$A,AS$2)+countifs(Students!$V:$V,$V6,Students!$W:$W,$V$2&if($K6="S1","a",if($K6="S2","b","")),Students!$A:$A,AS$2)+ countifs(Students!$D:$D,$Y6,Students!$E:$E,$Y$2&if($K6="S1","a",if($K6="S2","b","")),Students!$A:$A,AS$2)+countifs(Students!$F:$F,$Y6,Students!$G:$G,$Y$2&if($K6="S1","a",if($K6="S2","b","")),Students!$A:$A,AS$2)+countifs(Students!$H:$H,$Y6,Students!$I:$I,$Y$2&if($K6="S1","a",if($K6="S2","b","")),Students!$A:$A,AS$2)+countifs(Students!$J:$J,$Y6,Students!$K:$K,$Y$2&if($K6="S1","a",if($K6="S2","b","")),Students!$A:$A,AS$2)+countifs(Students!$L:$L,$Y6,Students!$M:$M,$Y$2&if($K6="S1","a",if($K6="S2","b","")),Students!$A:$A,AS$2)+countifs(Students!$N:$N,$Y6,Students!$O:$O,$Y$2&if($K6="S1","a",if($K6="S2","b","")),Students!$A:$A,AS$2)+countifs(Students!$P:$P,$Y6,Students!$Q:$Q,$Y$2&if($K6="S1","a",if($K6="S2","b","")),Students!$A:$A,AS$2)+countifs(Students!$R:$R,$Y6,Students!$S:$S,$Y$2&if($K6="S1","a",if($K6="S2","b","")),Students!$A:$A,AS$2)+countifs(Students!$T:$T,$Y6,Students!$U:$U,$Y$2&if($K6="S1","a",if($K6="S2","b","")),Students!$A:$A,AS$2)+countifs(Students!$V:$V,$Y6,Students!$W:$W,$Y$2&if($K6="S1","a",if($K6="S2","b","")),Students!$A:$A,AS$2)+ countifs(Students!$D:$D,$AB6,Students!$E:$E,$AB$2&if($K6="S1","a",if($K6="S2","b","")),Students!$A:$A,AS$2)+countifs(Students!$F:$F,$AB6,Students!$G:$G,$AB$2&if($K6="S1","a",if($K6="S2","b","")),Students!$A:$A,AS$2)+countifs(Students!$H:$H,$AB6,Students!$I:$I,$AB$2&if($K6="S1","a",if($K6="S2","b","")),Students!$A:$A,AS$2)+countifs(Students!$J:$J,$AB6,Students!$K:$K,$AB$2&if($K6="S1","a",if($K6="S2","b","")),Students!$A:$A,AS$2)+countifs(Students!$L:$L,$AB6,Students!$M:$M,$AB$2&if($K6="S1","a",if($K6="S2","b","")),Students!$A:$A,AS$2)+countifs(Students!$N:$N,$AB6,Students!$O:$O,$AB$2&if($K6="S1","a",if($K6="S2","b","")),Students!$A:$A,AS$2)+countifs(Students!$P:$P,$AB6,Students!$Q:$Q,$AB$2&if($K6="S1","a",if($K6="S2","b","")),Students!$A:$A,AS$2)+countifs(Students!$R:$R,$AB6,Students!$S:$S,$AB$2&if($K6="S1","a",if($K6="S2","b","")),Students!$A:$A,AS$2)+countifs(Students!$T:$T,$AB6,Students!$U:$U,$AB$2&if($K6="S1","a",if($K6="S2","b","")),Students!$A:$A,AS$2)+countifs(Students!$V:$V,$AB6,Students!$W:$W,$AB$2&if($K6="S1","a",if($K6="S2","b","")),Students!$A:$A,AS$2)+ countifs(Students!$D:$D,$AE6,Students!$E:$E,$AE$2&if($K6="S1","a",if($K6="S2","b","")),Students!$A:$A,AS$2)+countifs(Students!$F:$F,$AE6,Students!$G:$G,$AE$2&if($K6="S1","a",if($K6="S2","b","")),Students!$A:$A,AS$2)+countifs(Students!$H:$H,$AE6,Students!$I:$I,$AE$2&if($K6="S1","a",if($K6="S2","b","")),Students!$A:$A,AS$2)+countifs(Students!$J:$J,$AE6,Students!$K:$K,$AE$2&if($K6="S1","a",if($K6="S2","b","")),Students!$A:$A,AS$2)+countifs(Students!$L:$L,$AE6,Students!$M:$M,$AE$2&if($K6="S1","a",if($K6="S2","b","")),Students!$A:$A,AS$2)+countifs(Students!$N:$N,$AE6,Students!$O:$O,$AE$2&if($K6="S1","a",if($K6="S2","b","")),Students!$A:$A,AS$2)+countifs(Students!$P:$P,$AE6,Students!$Q:$Q,$AE$2&if($K6="S1","a",if($K6="S2","b","")),Students!$A:$A,AS$2)+countifs(Students!$R:$R,$AE6,Students!$S:$S,$AE$2&if($K6="S1","a",if($K6="S2","b","")),Students!$A:$A,AS$2)+countifs(Students!$T:$T,$AE6,Students!$U:$U,$AE$2&if($K6="S1","a",if($K6="S2","b","")),Students!$A:$A,AS$2)+countifs(Students!$V:$V,$AE6,Students!$W:$W,$AE$2&if($K6="S1","a",if($K6="S2","b","")),Students!$A:$A,AS$2)+ countifs(Students!$D:$D,$AH6,Students!$E:$E,$AH$2&if($K6="S1","a",if($K6="S2","b","")),Students!$A:$A,AS$2)+countifs(Students!$F:$F,$AH6,Students!$G:$G,$AH$2&if($K6="S1","a",if($K6="S2","b","")),Students!$A:$A,AS$2)+countifs(Students!$H:$H,$AH6,Students!$I:$I,$AH$2&if($K6="S1","a",if($K6="S2","b","")),Students!$A:$A,AS$2)+countifs(Students!$J:$J,$AH6,Students!$K:$K,$AH$2&if($K6="S1","a",if($K6="S2","b","")),Students!$A:$A,AS$2)+countifs(Students!$L:$L,$AH6,Students!$M:$M,$AH$2&if($K6="S1","a",if($K6="S2","b","")),Students!$A:$A,AS$2)+countifs(Students!$N:$N,$AH6,Students!$O:$O,$AH$2&if($K6="S1","a",if($K6="S2","b","")),Students!$A:$A,AS$2)+countifs(Students!$P:$P,$AH6,Students!$Q:$Q,$AH$2&if($K6="S1","a",if($K6="S2","b","")),Students!$A:$A,AS$2)+countifs(Students!$R:$R,$AH6,Students!$S:$S,$AH$2&if($K6="S1","a",if($K6="S2","b","")),Students!$A:$A,AS$2)+countifs(Students!$T:$T,$AH6,Students!$U:$U,$AH$2&if($K6="S1","a",if($K6="S2","b","")),Students!$A:$A,AS$2)+countifs(Students!$V:$V,$AH6,Students!$W:$W,$AH$2&if($K6="S1","a",if($K6="S2","b","")),Students!$A:$A,AS$2)+ countifs(Students!$D:$D,$AK6,Students!$E:$E,$AK$2&if($K6="S1","a",if($K6="S2","b","")),Students!$A:$A,AS$2)+countifs(Students!$F:$F,$AK6,Students!$G:$G,$AK$2&if($K6="S1","a",if($K6="S2","b","")),Students!$A:$A,AS$2)+countifs(Students!$H:$H,$AK6,Students!$I:$I,$AK$2&if($K6="S1","a",if($K6="S2","b","")),Students!$A:$A,AS$2)+countifs(Students!$J:$J,$AK6,Students!$K:$K,$AK$2&if($K6="S1","a",if($K6="S2","b","")),Students!$A:$A,AS$2)+countifs(Students!$L:$L,$AK6,Students!$M:$M,$AK$2&if($K6="S1","a",if($K6="S2","b","")),Students!$A:$A,AS$2)+countifs(Students!$N:$N,$AK6,Students!$O:$O,$AK$2&if($K6="S1","a",if($K6="S2","b","")),Students!$A:$A,AS$2)+countifs(Students!$P:$P,$AK6,Students!$Q:$Q,$AK$2&if($K6="S1","a",if($K6="S2","b","")),Students!$A:$A,AS$2)+countifs(Students!$R:$R,$AK6,Students!$S:$S,$AK$2&if($K6="S1","a",if($K6="S2","b","")),Students!$A:$A,AS$2)+countifs(Students!$T:$T,$AK6,Students!$U:$U,$AK$2&if($K6="S1","a",if($K6="S2","b","")),Students!$A:$A,AS$2)+countifs(Students!$V:$V,$AK6,Students!$W:$W,$AK$2&if($K6="S1","a",if($K6="S2","b","")),Students!$A:$A,AS$2)) -> 31
B7: 5 | C7: 5 | D7: 2 | E7: 7 | F7: 4 | G7: 8 | J7: 23 | L7: Gloria Velez | N7: 5 | O7: =IFERROR(__xludf.DUMMYFUNCTION("3*counta((transpose(filter(P7:AM7,P7:AM7<>"""",isnumber(P7:AM7)=false))))"),3.0) -> 3 | AK7: Drawing I | AL7: 1 | AM7: 23 | AO7: =if(L7="","",R7+U7+X7+AA7+AD7+AG7+AJ7+AM7) -> 23 | AP7: =if($L7="","",countifs(Students!$D:$D,$P7,Students!$E:$E,$P$2&if($K7="S1","a",if($K7="S2","b","")),Students!$A:$A,AP$2)+countifs(Students!$F:$F,$P7,Students!$G:$G,$P$2&if($K7="S1","a",if($K7="S2","b","")),Students!$A:$A,AP$2)+countifs(Students!$H:$H,$P7,Students!$I:$I,$P$2&if($K7="S1","a",if($K7="S2","b","")),Students!$A:$A,AP$2)+countifs(Students!$J:$J,$P7,Students!$K:$K,$P$2&if($K7="S1","a",if($K7="S2","b","")),Students!$A:$A,AP$2)+countifs(Students!$L:$L,$P7,Students!$M:$M,$P$2&if($K7="S1","a",if($K7="S2","b","")),Students!$A:$A,AP$2)+countifs(Students!$N:$N,$P7,Students!$O:$O,$P$2&if($K7="S1","a",if($K7="S2","b","")),Students!$A:$A,AP$2)+countifs(Students!$P:$P,$P7,Students!$Q:$Q,$P$2&if($K7="S1","a",if($K7="S2","b","")),Students!$A:$A,AP$2)+countifs(Students!$R:$R,$P7,Students!$S:$S,$P$2&if($K7="S1","a",if($K7="S2","b","")),Students!$A:$A,AP$2)+countifs(Students!$T:$T,$P7,Students!$U:$U,$P$2&if($K7="S1","a",if($K7="S2","b","")),Students!$A:$A,AP$2)+countifs(Students!$V:$V,$P7,Students!$W:$W,$P$2&if($K7="S1","a",if($K7="S2","b","")),Students!$A:$A,AP$2)+ countifs(Students!$D:$D,$S7,Students!$E:$E,$S$2&if($K7="S1","a",if($K7="S2","b","")),Students!$A:$A,AP$2)+countifs(Students!$F:$F,$S7,Students!$G:$G,$S$2&if($K7="S1","a",if($K7="S2","b","")),Students!$A:$A,AP$2)+countifs(Students!$H:$H,$S7,Students!$I:$I,$S$2&if($K7="S1","a",if($K7="S2","b","")),Students!$A:$A,AP$2)+countifs(Students!$J:$J,$S7,Students!$K:$K,$S$2&if($K7="S1","a",if($K7="S2","b","")),Students!$A:$A,AP$2)+countifs(Students!$L:$L,$S7,Students!$M:$M,$S$2&if($K7="S1","a",if($K7="S2","b","")),Students!$A:$A,AP$2)+countifs(Students!$N:$N,$S7,Students!$O:$O,$S$2&if($K7="S1","a",if($K7="S2","b","")),Students!$A:$A,AP$2)+countifs(Students!$P:$P,$S7,Students!$Q:$Q,$S$2&if($K7="S1","a",if($K7="S2","b","")),Students!$A:$A,AP$2)+countifs(Students!$R:$R,$S7,Students!$S:$S,$S$2&if($K7="S1","a",if($K7="S2","b","")),Students!$A:$A,AP$2)+countifs(Students!$T:$T,$S7,Students!$U:$U,$S$2&if($K7="S1","a",if($K7="S2","b","")),Students!$A:$A,AP$2)+countifs(Students!$V:$V,$S7,Students!$W:$W,$S$2&if($K7="S1","a",if($K7="S2","b","")),Students!$A:$A,AP$2)+ countifs(Students!$D:$D,$V7,Students!$E:$E,$V$2&if($K7="S1","a",if($K7="S2","b","")),Students!$A:$A,AP$2)+countifs(Students!$F:$F,$V7,Students!$G:$G,$V$2&if($K7="S1","a",if($K7="S2","b","")),Students!$A:$A,AP$2)+countifs(Students!$H:$H,$V7,Students!$I:$I,$V$2&if($K7="S1","a",if($K7="S2","b","")),Students!$A:$A,AP$2)+countifs(Students!$J:$J,$V7,Students!$K:$K,$V$2&if($K7="S1","a",if($K7="S2","b","")),Students!$A:$A,AP$2)+countifs(Students!$L:$L,$V7,Students!$M:$M,$V$2&if($K7="S1","a",if($K7="S2","b","")),Students!$A:$A,AP$2)+countifs(Students!$N:$N,$V7,Students!$O:$O,$V$2&if($K7="S1","a",if($K7="S2","b","")),Students!$A:$A,AP$2)+countifs(Students!$P:$P,$V7,Students!$Q:$Q,$V$2&if($K7="S1","a",if($K7="S2","b","")),Students!$A:$A,AP$2)+countifs(Students!$R:$R,$V7,Students!$S:$S,$V$2&if($K7="S1","a",if($K7="S2","b","")),Students!$A:$A,AP$2)+countifs(Students!$T:$T,$V7,Students!$U:$U,$V$2&if($K7="S1","a",if($K7="S2","b","")),Students!$A:$A,AP$2)+countifs(Students!$V:$V,$V7,Students!$W:$W,$V$2&if($K7="S1","a",if($K7="S2","b","")),Students!$A:$A,AP$2)+ countifs(Students!$D:$D,$Y7,Students!$E:$E,$Y$2&if($K7="S1","a",if($K7="S2","b","")),Students!$A:$A,AP$2)+countifs(Students!$F:$F,$Y7,Students!$G:$G,$Y$2&if($K7="S1","a",if($K7="S2","b","")),Students!$A:$A,AP$2)+countifs(Students!$H:$H,$Y7,Students!$I:$I,$Y$2&if($K7="S1","a",if($K7="S2","b","")),Students!$A:$A,AP$2)+countifs(Students!$J:$J,$Y7,Students!$K:$K,$Y$2&if($K7="S1","a",if($K7="S2","b","")),Students!$A:$A,AP$2)+countifs(Students!$L:$L,$Y7,Students!$M:$M,$Y$2&if($K7="S1","a",if($K7="S2","b","")),Students!$A:$A,AP$2)+countifs(Students!$N:$N,$Y7,Students!$O:$O,$Y$2&if($K7="S1","a",if($K7="S2","b","")),Students!$A:$A,AP$2)+countifs(Students!$P:$P,$Y7,Students!$Q:$Q,$Y$2&if($K7="S1","a",if($K7="S2","b","")),Students!$A:$A,AP$2)+countifs(Students!$R:$R,$Y7,Students!$S:$S,$Y$2&if($K7="S1","a",if($K7="S2","b","")),Students!$A:$A,AP$2)+countifs(Students!$T:$T,$Y7,Students!$U:$U,$Y$2&if($K7="S1","a",if($K7="S2","b","")),Students!$A:$A,AP$2)+countifs(Students!$V:$V,$Y7,Students!$W:$W,$Y$2&if($K7="S1","a",if($K7="S2","b","")),Students!$A:$A,AP$2)+ countifs(Students!$D:$D,$AB7,Students!$E:$E,$AB$2&if($K7="S1","a",if($K7="S2","b","")),Students!$A:$A,AP$2)+countifs(Students!$F:$F,$AB7,Students!$G:$G,$AB$2&if($K7="S1","a",if($K7="S2","b","")),Students!$A:$A,AP$2)+countifs(Students!$H:$H,$AB7,Students!$I:$I,$AB$2&if($K7="S1","a",if($K7="S2","b","")),Students!$A:$A,AP$2)+countifs(Students!$J:$J,$AB7,Students!$K:$K,$AB$2&if($K7="S1","a",if($K7="S2","b","")),Students!$A:$A,AP$2)+countifs(Students!$L:$L,$AB7,Students!$M:$M,$AB$2&if($K7="S1","a",if($K7="S2","b","")),Students!$A:$A,AP$2)+countifs(Students!$N:$N,$AB7,Students!$O:$O,$AB$2&if($K7="S1","a",if($K7="S2","b","")),Students!$A:$A,AP$2)+countifs(Students!$P:$P,$AB7,Students!$Q:$Q,$AB$2&if($K7="S1","a",if($K7="S2","b","")),Students!$A:$A,AP$2)+countifs(Students!$R:$R,$AB7,Students!$S:$S,$AB$2&if($K7="S1","a",if($K7="S2","b","")),Students!$A:$A,AP$2)+countifs(Students!$T:$T,$AB7,Students!$U:$U,$AB$2&if($K7="S1","a",if($K7="S2","b","")),Students!$A:$A,AP$2)+countifs(Students!$V:$V,$AB7,Students!$W:$W,$AB$2&if($K7="S1","a",if($K7="S2","b","")),Students!$A:$A,AP$2)+ countifs(Students!$D:$D,$AE7,Students!$E:$E,$AE$2&if($K7="S1","a",if($K7="S2","b","")),Students!$A:$A,AP$2)+countifs(Students!$F:$F,$AE7,Students!$G:$G,$AE$2&if($K7="S1","a",if($K7="S2","b","")),Students!$A:$A,AP$2)+countifs(Students!$H:$H,$AE7,Students!$I:$I,$AE$2&if($K7="S1","a",if($K7="S2","b","")),Students!$A:$A,AP$2)+countifs(Students!$J:$J,$AE7,Students!$K:$K,$AE$2&if($K7="S1","a",if($K7="S2","b","")),Students!$A:$A,AP$2)+countifs(Students!$L:$L,$AE7,Students!$M:$M,$AE$2&if($K7="S1","a",if($K7="S2","b","")),Students!$A:$A,AP$2)+countifs(Students!$N:$N,$AE7,Students!$O:$O,$AE$2&if($K7="S1","a",if($K7="S2","b","")),Students!$A:$A,AP$2)+countifs(Students!$P:$P,$AE7,Students!$Q:$Q,$AE$2&if($K7="S1","a",if($K7="S2","b","")),Students!$A:$A,AP$2)+countifs(Students!$R:$R,$AE7,Students!$S:$S,$AE$2&if($K7="S1","a",if($K7="S2","b","")),Students!$A:$A,AP$2)+countifs(Students!$T:$T,$AE7,Students!$U:$U,$AE$2&if($K7="S1","a",if($K7="S2","b","")),Students!$A:$A,AP$2)+countifs(Students!$V:$V,$AE7,Students!$W:$W,$AE$2&if($K7="S1","a",if($K7="S2","b","")),Students!$A:$A,AP$2)+ countifs(Students!$D:$D,$AH7,Students!$E:$E,$AH$2&if($K7="S1","a",if($K7="S2","b","")),Students!$A:$A,AP$2)+countifs(Students!$F:$F,$AH7,Students!$G:$G,$AH$2&if($K7="S1","a",if($K7="S2","b","")),Students!$A:$A,AP$2)+countifs(Students!$H:$H,$AH7,Students!$I:$I,$AH$2&if($K7="S1","a",if($K7="S2","b","")),Students!$A:$A,AP$2)+countifs(Students!$J:$J,$AH7,Students!$K:$K,$AH$2&if($K7="S1","a",if($K7="S2","b","")),Students!$A:$A,AP$2)+countifs(Students!$L:$L,$AH7,Students!$M:$M,$AH$2&if($K7="S1","a",if($K7="S2","b","")),Students!$A:$A,AP$2)+countifs(Students!$N:$N,$AH7,Students!$O:$O,$AH$2&if($K7="S1","a",if($K7="S2","b","")),Students!$A:$A,AP$2)+countifs(Students!$P:$P,$AH7,Students!$Q:$Q,$AH$2&if($K7="S1","a",if($K7="S2","b","")),Students!$A:$A,AP$2)+countifs(Students!$R:$R,$AH7,Students!$S:$S,$AH$2&if($K7="S1","a",if($K7="S2","b","")),Students!$A:$A,AP$2)+countifs(Students!$T:$T,$AH7,Students!$U:$U,$AH$2&if($K7="S1","a",if($K7="S2","b","")),Students!$A:$A,AP$2)+countifs(Students!$V:$V,$AH7,Students!$W:$W,$AH$2&if($K7="S1","a",if($K7="S2","b","")),Students!$A:$A,AP$2)+ countifs(Students!$D:$D,$AK7,Students!$E:$E,$AK$2&if($K7="S1","a",if($K7="S2","b","")),Students!$A:$A,AP$2)+countifs(Students!$F:$F,$AK7,Students!$G:$G,$AK$2&if($K7="S1","a",if($K7="S2","b","")),Students!$A:$A,AP$2)+countifs(Students!$H:$H,$AK7,Students!$I:$I,$AK$2&if($K7="S1","a",if($K7="S2","b","")),Students!$A:$A,AP$2)+countifs(Students!$J:$J,$AK7,Students!$K:$K,$AK$2&if($K7="S1","a",if($K7="S2","b","")),Students!$A:$A,AP$2)+countifs(Students!$L:$L,$AK7,Students!$M:$M,$AK$2&if($K7="S1","a",if($K7="S2","b","")),Students!$A:$A,AP$2)+countifs(Students!$N:$N,$AK7,Students!$O:$O,$AK$2&if($K7="S1","a",if($K7="S2","b","")),Students!$A:$A,AP$2)+countifs(Students!$P:$P,$AK7,Students!$Q:$Q,$AK$2&if($K7="S1","a",if($K7="S2","b","")),Students!$A:$A,AP$2)+countifs(Students!$R:$R,$AK7,Students!$S:$S,$AK$2&if($K7="S1","a",if($K7="S2","b","")),Students!$A:$A,AP$2)+countifs(Students!$T:$T,$AK7,Students!$U:$U,$AK$2&if($K7="S1","a",if($K7="S2","b","")),Students!$A:$A,AP$2)+countifs(Students!$V:$V,$AK7,Students!$W:$W,$AK$2&if($K7="S1","a",if($K7="S2","b","")),Students!$A:$A,AP$2)) -> 0 | AQ7: =if($L7="","",countifs(Students!$D:$D,$P7,Students!$E:$E,$P$2&if($K7="S1","a",if($K7="S2","b","")),Students!$A:$A,AQ$2)+countifs(Students!$F:$F,$P7,Students!$G:$G,$P$2&if($K7="S1","a",if($K7="S2","b","")),Students!$A:$A,AQ$2)+countifs(Students!$H:$H,$P7,Students!$I:$I,$P$2&if($K7="S1","a",if($K7="S2","b","")),Students!$A:$A,AQ$2)+countifs(Students!$J:$J,$P7,Students!$K:$K,$P$2&if($K7="S1","a",if($K7="S2","b","")),Students!$A:$A,AQ$2)+countifs(Students!$L:$L,$P7,Students!$M:$M,$P$2&if($K7="S1","a",if($K7="S2","b","")),Students!$A:$A,AQ$2)+countifs(Students!$N:$N,$P7,Students!$O:$O,$P$2&if($K7="S1","a",if($K7="S2","b","")),Students!$A:$A,AQ$2)+countifs(Students!$P:$P,$P7,Students!$Q:$Q,$P$2&if($K7="S1","a",if($K7="S2","b","")),Students!$A:$A,AQ$2)+countifs(Students!$R:$R,$P7,Students!$S:$S,$P$2&if($K7="S1","a",if($K7="S2","b","")),Students!$A:$A,AQ$2)+countifs(Students!$T:$T,$P7,Students!$U:$U,$P$2&if($K7="S1","a",if($K7="S2","b","")),Students!$A:$A,AQ$2)+countifs(Students!$V:$V,$P7,Students!$W:$W,$P$2&if($K7="S1","a",if($K7="S2","b","")),Students!$A:$A,AQ$2)+ countifs(Students!$D:$D,$S7,Students!$E:$E,$S$2&if($K7="S1","a",if($K7="S2","b","")),Students!$A:$A,AQ$2)+countifs(Students!$F:$F,$S7,Students!$G:$G,$S$2&if($K7="S1","a",if($K7="S2","b","")),Students!$A:$A,AQ$2)+countifs(Students!$H:$H,$S7,Students!$I:$I,$S$2&if($K7="S1","a",if($K7="S2","b","")),Students!$A:$A,AQ$2)+countifs(Students!$J:$J,$S7,Students!$K:$K,$S$2&if($K7="S1","a",if($K7="S2","b","")),Students!$A:$A,AQ$2)+countifs(Students!$L:$L,$S7,Students!$M:$M,$S$2&if($K7="S1","a",if($K7="S2","b","")),Students!$A:$A,AQ$2)+countifs(Students!$N:$N,$S7,Students!$O:$O,$S$2&if($K7="S1","a",if($K7="S2","b","")),Students!$A:$A,AQ$2)+countifs(Students!$P:$P,$S7,Students!$Q:$Q,$S$2&if($K7="S1","a",if($K7="S2","b","")),Students!$A:$A,AQ$2)+countifs(Students!$R:$R,$S7,Students!$S:$S,$S$2&if($K7="S1","a",if($K7="S2","b","")),Students!$A:$A,AQ$2)+countifs(Students!$T:$T,$S7,Students!$U:$U,$S$2&if($K7="S1","a",if($K7="S2","b","")),Students!$A:$A,AQ$2)+countifs(Students!$V:$V,$S7,Students!$W:$W,$S$2&if($K7="S1","a",if($K7="S2","b","")),Students!$A:$A,AQ$2)+ countifs(Students!$D:$D,$V7,Students!$E:$E,$V$2&if($K7="S1","a",if($K7="S2","b","")),Students!$A:$A,AQ$2)+countifs(Students!$F:$F,$V7,Students!$G:$G,$V$2&if($K7="S1","a",if($K7="S2","b","")),Students!$A:$A,AQ$2)+countifs(Students!$H:$H,$V7,Students!$I:$I,$V$2&if($K7="S1","a",if($K7="S2","b","")),Students!$A:$A,AQ$2)+countifs(Students!$J:$J,$V7,Students!$K:$K,$V$2&if($K7="S1","a",if($K7="S2","b","")),Students!$A:$A,AQ$2)+countifs(Students!$L:$L,$V7,Students!$M:$M,$V$2&if($K7="S1","a",if($K7="S2","b","")),Students!$A:$A,AQ$2)+countifs(Students!$N:$N,$V7,Students!$O:$O,$V$2&if($K7="S1","a",if($K7="S2","b","")),Students!$A:$A,AQ$2)+countifs(Students!$P:$P,$V7,Students!$Q:$Q,$V$2&if($K7="S1","a",if($K7="S2","b","")),Students!$A:$A,AQ$2)+countifs(Students!$R:$R,$V7,Students!$S:$S,$V$2&if($K7="S1","a",if($K7="S2","b","")),Students!$A:$A,AQ$2)+countifs(Students!$T:$T,$V7,Students!$U:$U,$V$2&if($K7="S1","a",if($K7="S2","b","")),Students!$A:$A,AQ$2)+countifs(Students!$V:$V,$V7,Students!$W:$W,$V$2&if($K7="S1","a",if($K7="S2","b","")),Students!$A:$A,AQ$2)+ countifs(Students!$D:$D,$Y7,Students!$E:$E,$Y$2&if($K7="S1","a",if($K7="S2","b","")),Students!$A:$A,AQ$2)+countifs(Students!$F:$F,$Y7,Students!$G:$G,$Y$2&if($K7="S1","a",if($K7="S2","b","")),Students!$A:$A,AQ$2)+countifs(Students!$H:$H,$Y7,Students!$I:$I,$Y$2&if($K7="S1","a",if($K7="S2","b","")),Students!$A:$A,AQ$2)+countifs(Students!$J:$J,$Y7,Students!$K:$K,$Y$2&if($K7="S1","a",if($K7="S2","b","")),Students!$A:$A,AQ$2)+countifs(Students!$L:$L,$Y7,Students!$M:$M,$Y$2&if($K7="S1","a",if($K7="S2","b","")),Students!$A:$A,AQ$2)+countifs(Students!$N:$N,$Y7,Students!$O:$O,$Y$2&if($K7="S1","a",if($K7="S2","b","")),Students!$A:$A,AQ$2)+countifs(Students!$P:$P,$Y7,Students!$Q:$Q,$Y$2&if($K7="S1","a",if($K7="S2","b","")),Students!$A:$A,AQ$2)+countifs(Students!$R:$R,$Y7,Students!$S:$S,$Y$2&if($K7="S1","a",if($K7="S2","b","")),Students!$A:$A,AQ$2)+countifs(Students!$T:$T,$Y7,Students!$U:$U,$Y$2&if($K7="S1","a",if($K7="S2","b","")),Students!$A:$A,AQ$2)+countifs(Students!$V:$V,$Y7,Students!$W:$W,$Y$2&if($K7="S1","a",if($K7="S2","b","")),Students!$A:$A,AQ$2)+ countifs(Students!$D:$D,$AB7,Students!$E:$E,$AB$2&if($K7="S1","a",if($K7="S2","b","")),Students!$A:$A,AQ$2)+countifs(Students!$F:$F,$AB7,Students!$G:$G,$AB$2&if($K7="S1","a",if($K7="S2","b","")),Students!$A:$A,AQ$2)+countifs(Students!$H:$H,$AB7,Students!$I:$I,$AB$2&if($K7="S1","a",if($K7="S2","b","")),Students!$A:$A,AQ$2)+countifs(Students!$J:$J,$AB7,Students!$K:$K,$AB$2&if($K7="S1","a",if($K7="S2","b","")),Students!$A:$A,AQ$2)+countifs(Students!$L:$L,$AB7,Students!$M:$M,$AB$2&if($K7="S1","a",if($K7="S2","b","")),Students!$A:$A,AQ$2)+countifs(Students!$N:$N,$AB7,Students!$O:$O,$AB$2&if($K7="S1","a",if($K7="S2","b","")),Students!$A:$A,AQ$2)+countifs(Students!$P:$P,$AB7,Students!$Q:$Q,$AB$2&if($K7="S1","a",if($K7="S2","b","")),Students!$A:$A,AQ$2)+countifs(Students!$R:$R,$AB7,Students!$S:$S,$AB$2&if($K7="S1","a",if($K7="S2","b","")),Students!$A:$A,AQ$2)+countifs(Students!$T:$T,$AB7,Students!$U:$U,$AB$2&if($K7="S1","a",if($K7="S2","b","")),Students!$A:$A,AQ$2)+countifs(Students!$V:$V,$AB7,Students!$W:$W,$AB$2&if($K7="S1","a",if($K7="S2","b","")),Students!$A:$A,AQ$2)+ countifs(Students!$D:$D,$AE7,Students!$E:$E,$AE$2&if($K7="S1","a",if($K7="S2","b","")),Students!$A:$A,AQ$2)+countifs(Students!$F:$F,$AE7,Students!$G:$G,$AE$2&if($K7="S1","a",if($K7="S2","b","")),Students!$A:$A,AQ$2)+countifs(Students!$H:$H,$AE7,Students!$I:$I,$AE$2&if($K7="S1","a",if($K7="S2","b","")),Students!$A:$A,AQ$2)+countifs(Students!$J:$J,$AE7,Students!$K:$K,$AE$2&if($K7="S1","a",if($K7="S2","b","")),Students!$A:$A,AQ$2)+countifs(Students!$L:$L,$AE7,Students!$M:$M,$AE$2&if($K7="S1","a",if($K7="S2","b","")),Students!$A:$A,AQ$2)+countifs(Students!$N:$N,$AE7,Students!$O:$O,$AE$2&if($K7="S1","a",if($K7="S2","b","")),Students!$A:$A,AQ$2)+countifs(Students!$P:$P,$AE7,Students!$Q:$Q,$AE$2&if($K7="S1","a",if($K7="S2","b","")),Students!$A:$A,AQ$2)+countifs(Students!$R:$R,$AE7,Students!$S:$S,$AE$2&if($K7="S1","a",if($K7="S2","b","")),Students!$A:$A,AQ$2)+countifs(Students!$T:$T,$AE7,Students!$U:$U,$AE$2&if($K7="S1","a",if($K7="S2","b","")),Students!$A:$A,AQ$2)+countifs(Students!$V:$V,$AE7,Students!$W:$W,$AE$2&if($K7="S1","a",if($K7="S2","b","")),Students!$A:$A,AQ$2)+ countifs(Students!$D:$D,$AH7,Students!$E:$E,$AH$2&if($K7="S1","a",if($K7="S2","b","")),Students!$A:$A,AQ$2)+countifs(Students!$F:$F,$AH7,Students!$G:$G,$AH$2&if($K7="S1","a",if($K7="S2","b","")),Students!$A:$A,AQ$2)+countifs(Students!$H:$H,$AH7,Students!$I:$I,$AH$2&if($K7="S1","a",if($K7="S2","b","")),Students!$A:$A,AQ$2)+countifs(Students!$J:$J,$AH7,Students!$K:$K,$AH$2&if($K7="S1","a",if($K7="S2","b","")),Students!$A:$A,AQ$2)+countifs(Students!$L:$L,$AH7,Students!$M:$M,$AH$2&if($K7="S1","a",if($K7="S2","b","")),Students!$A:$A,AQ$2)+countifs(Students!$N:$N,$AH7,Students!$O:$O,$AH$2&if($K7="S1","a",if($K7="S2","b","")),Students!$A:$A,AQ$2)+countifs(Students!$P:$P,$AH7,Students!$Q:$Q,$AH$2&if($K7="S1","a",if($K7="S2","b","")),Students!$A:$A,AQ$2)+countifs(Students!$R:$R,$AH7,Students!$S:$S,$AH$2&if($K7="S1","a",if($K7="S2","b","")),Students!$A:$A,AQ$2)+countifs(Students!$T:$T,$AH7,Students!$U:$U,$AH$2&if($K7="S1","a",if($K7="S2","b","")),Students!$A:$A,AQ$2)+countifs(Students!$V:$V,$AH7,Students!$W:$W,$AH$2&if($K7="S1","a",if($K7="S2","b","")),Students!$A:$A,AQ$2)+ countifs(Students!$D:$D,$AK7,Students!$E:$E,$AK$2&if($K7="S1","a",if($K7="S2","b","")),Students!$A:$A,AQ$2)+countifs(Students!$F:$F,$AK7,Students!$G:$G,$AK$2&if($K7="S1","a",if($K7="S2","b","")),Students!$A:$A,AQ$2)+countifs(Students!$H:$H,$AK7,Students!$I:$I,$AK$2&if($K7="S1","a",if($K7="S2","b","")),Students!$A:$A,AQ$2)+countifs(Students!$J:$J,$AK7,Students!$K:$K,$AK$2&if($K7="S1","a",if($K7="S2","b","")),Students!$A:$A,AQ$2)+countifs(Students!$L:$L,$AK7,Students!$M:$M,$AK$2&if($K7="S1","a",if($K7="S2","b","")),Students!$A:$A,AQ$2)+countifs(Students!$N:$N,$AK7,Students!$O:$O,$AK$2&if($K7="S1","a",if($K7="S2","b","")),Students!$A:$A,AQ$2)+countifs(Students!$P:$P,$AK7,Students!$Q:$Q,$AK$2&if($K7="S1","a",if($K7="S2","b","")),Students!$A:$A,AQ$2)+countifs(Students!$R:$R,$AK7,Students!$S:$S,$AK$2&if($K7="S1","a",if($K7="S2","b","")),Students!$A:$A,AQ$2)+countifs(Students!$T:$T,$AK7,Students!$U:$U,$AK$2&if($K7="S1","a",if($K7="S2","b","")),Students!$A:$A,AQ$2)+countifs(Students!$V:$V,$AK7,Students!$W:$W,$AK$2&if($K7="S1","a",if($K7="S2","b","")),Students!$A:$A,AQ$2)) -> 5 | AR7: =if($L7="","",countifs(Students!$D:$D,$P7,Students!$E:$E,$P$2&if($K7="S1","a",if($K7="S2","b","")),Students!$A:$A,AR$2)+countifs(Students!$F:$F,$P7,Students!$G:$G,$P$2&if($K7="S1","a",if($K7="S2","b","")),Students!$A:$A,AR$2)+countifs(Students!$H:$H,$P7,Students!$I:$I,$P$2&if($K7="S1","a",if($K7="S2","b","")),Students!$A:$A,AR$2)+countifs(Students!$J:$J,$P7,Students!$K:$K,$P$2&if($K7="S1","a",if($K7="S2","b","")),Students!$A:$A,AR$2)+countifs(Students!$L:$L,$P7,Students!$M:$M,$P$2&if($K7="S1","a",if($K7="S2","b","")),Students!$A:$A,AR$2)+countifs(Students!$N:$N,$P7,Students!$O:$O,$P$2&if($K7="S1","a",if($K7="S2","b","")),Students!$A:$A,AR$2)+countifs(Students!$P:$P,$P7,Students!$Q:$Q,$P$2&if($K7="S1","a",if($K7="S2","b","")),Students!$A:$A,AR$2)+countifs(Students!$R:$R,$P7,Students!$S:$S,$P$2&if($K7="S1","a",if($K7="S2","b","")),Students!$A:$A,AR$2)+countifs(Students!$T:$T,$P7,Students!$U:$U,$P$2&if($K7="S1","a",if($K7="S2","b","")),Students!$A:$A,AR$2)+countifs(Students!$V:$V,$P7,Students!$W:$W,$P$2&if($K7="S1","a",if($K7="S2","b","")),Students!$A:$A,AR$2)+ countifs(Students!$D:$D,$S7,Students!$E:$E,$S$2&if($K7="S1","a",if($K7="S2","b","")),Students!$A:$A,AR$2)+countifs(Students!$F:$F,$S7,Students!$G:$G,$S$2&if($K7="S1","a",if($K7="S2","b","")),Students!$A:$A,AR$2)+countifs(Students!$H:$H,$S7,Students!$I:$I,$S$2&if($K7="S1","a",if($K7="S2","b","")),Students!$A:$A,AR$2)+countifs(Students!$J:$J,$S7,Students!$K:$K,$S$2&if($K7="S1","a",if($K7="S2","b","")),Students!$A:$A,AR$2)+countifs(Students!$L:$L,$S7,Students!$M:$M,$S$2&if($K7="S1","a",if($K7="S2","b","")),Students!$A:$A,AR$2)+countifs(Students!$N:$N,$S7,Students!$O:$O,$S$2&if($K7="S1","a",if($K7="S2","b","")),Students!$A:$A,AR$2)+countifs(Students!$P:$P,$S7,Students!$Q:$Q,$S$2&if($K7="S1","a",if($K7="S2","b","")),Students!$A:$A,AR$2)+countifs(Students!$R:$R,$S7,Students!$S:$S,$S$2&if($K7="S1","a",if($K7="S2","b","")),Students!$A:$A,AR$2)+countifs(Students!$T:$T,$S7,Students!$U:$U,$S$2&if($K7="S1","a",if($K7="S2","b","")),Students!$A:$A,AR$2)+countifs(Students!$V:$V,$S7,Students!$W:$W,$S$2&if($K7="S1","a",if($K7="S2","b","")),Students!$A:$A,AR$2)+ countifs(Students!$D:$D,$V7,Students!$E:$E,$V$2&if($K7="S1","a",if($K7="S2","b","")),Students!$A:$A,AR$2)+countifs(Students!$F:$F,$V7,Students!$G:$G,$V$2&if($K7="S1","a",if($K7="S2","b","")),Students!$A:$A,AR$2)+countifs(Students!$H:$H,$V7,Students!$I:$I,$V$2&if($K7="S1","a",if($K7="S2","b","")),Students!$A:$A,AR$2)+countifs(Students!$J:$J,$V7,Students!$K:$K,$V$2&if($K7="S1","a",if($K7="S2","b","")),Students!$A:$A,AR$2)+countifs(Students!$L:$L,$V7,Students!$M:$M,$V$2&if($K7="S1","a",if($K7="S2","b","")),Students!$A:$A,AR$2)+countifs(Students!$N:$N,$V7,Students!$O:$O,$V$2&if($K7="S1","a",if($K7="S2","b","")),Students!$A:$A,AR$2)+countifs(Students!$P:$P,$V7,Students!$Q:$Q,$V$2&if($K7="S1","a",if($K7="S2","b","")),Students!$A:$A,AR$2)+countifs(Students!$R:$R,$V7,Students!$S:$S,$V$2&if($K7="S1","a",if($K7="S2","b","")),Students!$A:$A,AR$2)+countifs(Students!$T:$T,$V7,Students!$U:$U,$V$2&if($K7="S1","a",if($K7="S2","b","")),Students!$A:$A,AR$2)+countifs(Students!$V:$V,$V7,Students!$W:$W,$V$2&if($K7="S1","a",if($K7="S2","b","")),Students!$A:$A,AR$2)+ countifs(Students!$D:$D,$Y7,Students!$E:$E,$Y$2&if($K7="S1","a",if($K7="S2","b","")),Students!$A:$A,AR$2)+countifs(Students!$F:$F,$Y7,Students!$G:$G,$Y$2&if($K7="S1","a",if($K7="S2","b","")),Students!$A:$A,AR$2)+countifs(Students!$H:$H,$Y7,Students!$I:$I,$Y$2&if($K7="S1","a",if($K7="S2","b","")),Students!$A:$A,AR$2)+countifs(Students!$J:$J,$Y7,Students!$K:$K,$Y$2&if($K7="S1","a",if($K7="S2","b","")),Students!$A:$A,AR$2)+countifs(Students!$L:$L,$Y7,Students!$M:$M,$Y$2&if($K7="S1","a",if($K7="S2","b","")),Students!$A:$A,AR$2)+countifs(Students!$N:$N,$Y7,Students!$O:$O,$Y$2&if($K7="S1","a",if($K7="S2","b","")),Students!$A:$A,AR$2)+countifs(Students!$P:$P,$Y7,Students!$Q:$Q,$Y$2&if($K7="S1","a",if($K7="S2","b","")),Students!$A:$A,AR$2)+countifs(Students!$R:$R,$Y7,Students!$S:$S,$Y$2&if($K7="S1","a",if($K7="S2","b","")),Students!$A:$A,AR$2)+countifs(Students!$T:$T,$Y7,Students!$U:$U,$Y$2&if($K7="S1","a",if($K7="S2","b","")),Students!$A:$A,AR$2)+countifs(Students!$V:$V,$Y7,Students!$W:$W,$Y$2&if($K7="S1","a",if($K7="S2","b","")),Students!$A:$A,AR$2)+ countifs(Students!$D:$D,$AB7,Students!$E:$E,$AB$2&if($K7="S1","a",if($K7="S2","b","")),Students!$A:$A,AR$2)+countifs(Students!$F:$F,$AB7,Students!$G:$G,$AB$2&if($K7="S1","a",if($K7="S2","b","")),Students!$A:$A,AR$2)+countifs(Students!$H:$H,$AB7,Students!$I:$I,$AB$2&if($K7="S1","a",if($K7="S2","b","")),Students!$A:$A,AR$2)+countifs(Students!$J:$J,$AB7,Students!$K:$K,$AB$2&if($K7="S1","a",if($K7="S2","b","")),Students!$A:$A,AR$2)+countifs(Students!$L:$L,$AB7,Students!$M:$M,$AB$2&if($K7="S1","a",if($K7="S2","b","")),Students!$A:$A,AR$2)+countifs(Students!$N:$N,$AB7,Students!$O:$O,$AB$2&if($K7="S1","a",if($K7="S2","b","")),Students!$A:$A,AR$2)+countifs(Students!$P:$P,$AB7,Students!$Q:$Q,$AB$2&if($K7="S1","a",if($K7="S2","b","")),Students!$A:$A,AR$2)+countifs(Students!$R:$R,$AB7,Students!$S:$S,$AB$2&if($K7="S1","a",if($K7="S2","b","")),Students!$A:$A,AR$2)+countifs(Students!$T:$T,$AB7,Students!$U:$U,$AB$2&if($K7="S1","a",if($K7="S2","b","")),Students!$A:$A,AR$2)+countifs(Students!$V:$V,$AB7,Students!$W:$W,$AB$2&if($K7="S1","a",if($K7="S2","b","")),Students!$A:$A,AR$2)+ countifs(Students!$D:$D,$AE7,Students!$E:$E,$AE$2&if($K7="S1","a",if($K7="S2","b","")),Students!$A:$A,AR$2)+countifs(Students!$F:$F,$AE7,Students!$G:$G,$AE$2&if($K7="S1","a",if($K7="S2","b","")),Students!$A:$A,AR$2)+countifs(Students!$H:$H,$AE7,Students!$I:$I,$AE$2&if($K7="S1","a",if($K7="S2","b","")),Students!$A:$A,AR$2)+countifs(Students!$J:$J,$AE7,Students!$K:$K,$AE$2&if($K7="S1","a",if($K7="S2","b","")),Students!$A:$A,AR$2)+countifs(Students!$L:$L,$AE7,Students!$M:$M,$AE$2&if($K7="S1","a",if($K7="S2","b","")),Students!$A:$A,AR$2)+countifs(Students!$N:$N,$AE7,Students!$O:$O,$AE$2&if($K7="S1","a",if($K7="S2","b","")),Students!$A:$A,AR$2)+countifs(Students!$P:$P,$AE7,Students!$Q:$Q,$AE$2&if($K7="S1","a",if($K7="S2","b","")),Students!$A:$A,AR$2)+countifs(Students!$R:$R,$AE7,Students!$S:$S,$AE$2&if($K7="S1","a",if($K7="S2","b","")),Students!$A:$A,AR$2)+countifs(Students!$T:$T,$AE7,Students!$U:$U,$AE$2&if($K7="S1","a",if($K7="S2","b","")),Students!$A:$A,AR$2)+countifs(Students!$V:$V,$AE7,Students!$W:$W,$AE$2&if($K7="S1","a",if($K7="S2","b","")),Students!$A:$A,AR$2)+ countifs(Students!$D:$D,$AH7,Students!$E:$E,$AH$2&if($K7="S1","a",if($K7="S2","b","")),Students!$A:$A,AR$2)+countifs(Students!$F:$F,$AH7,Students!$G:$G,$AH$2&if($K7="S1","a",if($K7="S2","b","")),Students!$A:$A,AR$2)+countifs(Students!$H:$H,$AH7,Students!$I:$I,$AH$2&if($K7="S1","a",if($K7="S2","b","")),Students!$A:$A,AR$2)+countifs(Students!$J:$J,$AH7,Students!$K:$K,$AH$2&if($K7="S1","a",if($K7="S2","b","")),Students!$A:$A,AR$2)+countifs(Students!$L:$L,$AH7,Students!$M:$M,$AH$2&if($K7="S1","a",if($K7="S2","b","")),Students!$A:$A,AR$2)+countifs(Students!$N:$N,$AH7,Students!$O:$O,$AH$2&if($K7="S1","a",if($K7="S2","b","")),Students!$A:$A,AR$2)+countifs(Students!$P:$P,$AH7,Students!$Q:$Q,$AH$2&if($K7="S1","a",if($K7="S2","b","")),Students!$A:$A,AR$2)+countifs(Students!$R:$R,$AH7,Students!$S:$S,$AH$2&if($K7="S1","a",if($K7="S2","b","")),Students!$A:$A,AR$2)+countifs(Students!$T:$T,$AH7,Students!$U:$U,$AH$2&if($K7="S1","a",if($K7="S2","b","")),Students!$A:$A,AR$2)+countifs(Students!$V:$V,$AH7,Students!$W:$W,$AH$2&if($K7="S1","a",if($K7="S2","b","")),Students!$A:$A,AR$2)+ countifs(Students!$D:$D,$AK7,Students!$E:$E,$AK$2&if($K7="S1","a",if($K7="S2","b","")),Students!$A:$A,AR$2)+countifs(Students!$F:$F,$AK7,Students!$G:$G,$AK$2&if($K7="S1","a",if($K7="S2","b","")),Students!$A:$A,AR$2)+countifs(Students!$H:$H,$AK7,Students!$I:$I,$AK$2&if($K7="S1","a",if($K7="S2","b","")),Students!$A:$A,AR$2)+countifs(Students!$J:$J,$AK7,Students!$K:$K,$AK$2&if($K7="S1","a",if($K7="S2","b","")),Students!$A:$A,AR$2)+countifs(Students!$L:$L,$AK7,Students!$M:$M,$AK$2&if($K7="S1","a",if($K7="S2","b","")),Students!$A:$A,AR$2)+countifs(Students!$N:$N,$AK7,Students!$O:$O,$AK$2&if($K7="S1","a",if($K7="S2","b","")),Students!$A:$A,AR$2)+countifs(Students!$P:$P,$AK7,Students!$Q:$Q,$AK$2&if($K7="S1","a",if($K7="S2","b","")),Students!$A:$A,AR$2)+countifs(Students!$R:$R,$AK7,Students!$S:$S,$AK$2&if($K7="S1","a",if($K7="S2","b","")),Students!$A:$A,AR$2)+countifs(Students!$T:$T,$AK7,Students!$U:$U,$AK$2&if($K7="S1","a",if($K7="S2","b","")),Students!$A:$A,AR$2)+countifs(Students!$V:$V,$AK7,Students!$W:$W,$AK$2&if($K7="S1","a",if($K7="S2","b","")),Students!$A:$A,AR$2)) -> 9 | AS7: =if($L7="","",countifs(Students!$D:$D,$P7,Students!$E:$E,$P$2&if($K7="S1","a",if($K7="S2","b","")),Students!$A:$A,AS$2)+countifs(Students!$F:$F,$P7,Students!$G:$G,$P$2&if($K7="S1","a",if($K7="S2","b","")),Students!$A:$A,AS$2)+countifs(Students!$H:$H,$P7,Students!$I:$I,$P$2&if($K7="S1","a",if($K7="S2","b","")),Students!$A:$A,AS$2)+countifs(Students!$J:$J,$P7,Students!$K:$K,$P$2&if($K7="S1","a",if($K7="S2","b","")),Students!$A:$A,AS$2)+countifs(Students!$L:$L,$P7,Students!$M:$M,$P$2&if($K7="S1","a",if($K7="S2","b","")),Students!$A:$A,AS$2)+countifs(Students!$N:$N,$P7,Students!$O:$O,$P$2&if($K7="S1","a",if($K7="S2","b","")),Students!$A:$A,AS$2)+countifs(Students!$P:$P,$P7,Students!$Q:$Q,$P$2&if($K7="S1","a",if($K7="S2","b","")),Students!$A:$A,AS$2)+countifs(Students!$R:$R,$P7,Students!$S:$S,$P$2&if($K7="S1","a",if($K7="S2","b","")),Students!$A:$A,AS$2)+countifs(Students!$T:$T,$P7,Students!$U:$U,$P$2&if($K7="S1","a",if($K7="S2","b","")),Students!$A:$A,AS$2)+countifs(Students!$V:$V,$P7,Students!$W:$W,$P$2&if($K7="S1","a",if($K7="S2","b","")),Students!$A:$A,AS$2)+ countifs(Students!$D:$D,$S7,Students!$E:$E,$S$2&if($K7="S1","a",if($K7="S2","b","")),Students!$A:$A,AS$2)+countifs(Students!$F:$F,$S7,Students!$G:$G,$S$2&if($K7="S1","a",if($K7="S2","b","")),Students!$A:$A,AS$2)+countifs(Students!$H:$H,$S7,Students!$I:$I,$S$2&if($K7="S1","a",if($K7="S2","b","")),Students!$A:$A,AS$2)+countifs(Students!$J:$J,$S7,Students!$K:$K,$S$2&if($K7="S1","a",if($K7="S2","b","")),Students!$A:$A,AS$2)+countifs(Students!$L:$L,$S7,Students!$M:$M,$S$2&if($K7="S1","a",if($K7="S2","b","")),Students!$A:$A,AS$2)+countifs(Students!$N:$N,$S7,Students!$O:$O,$S$2&if($K7="S1","a",if($K7="S2","b","")),Students!$A:$A,AS$2)+countifs(Students!$P:$P,$S7,Students!$Q:$Q,$S$2&if($K7="S1","a",if($K7="S2","b","")),Students!$A:$A,AS$2)+countifs(Students!$R:$R,$S7,Students!$S:$S,$S$2&if($K7="S1","a",if($K7="S2","b","")),Students!$A:$A,AS$2)+countifs(Students!$T:$T,$S7,Students!$U:$U,$S$2&if($K7="S1","a",if($K7="S2","b","")),Students!$A:$A,AS$2)+countifs(Students!$V:$V,$S7,Students!$W:$W,$S$2&if($K7="S1","a",if($K7="S2","b","")),Students!$A:$A,AS$2)+ countifs(Students!$D:$D,$V7,Students!$E:$E,$V$2&if($K7="S1","a",if($K7="S2","b","")),Students!$A:$A,AS$2)+countifs(Students!$F:$F,$V7,Students!$G:$G,$V$2&if($K7="S1","a",if($K7="S2","b","")),Students!$A:$A,AS$2)+countifs(Students!$H:$H,$V7,Students!$I:$I,$V$2&if($K7="S1","a",if($K7="S2","b","")),Students!$A:$A,AS$2)+countifs(Students!$J:$J,$V7,Students!$K:$K,$V$2&if($K7="S1","a",if($K7="S2","b","")),Students!$A:$A,AS$2)+countifs(Students!$L:$L,$V7,Students!$M:$M,$V$2&if($K7="S1","a",if($K7="S2","b","")),Students!$A:$A,AS$2)+countifs(Students!$N:$N,$V7,Students!$O:$O,$V$2&if($K7="S1","a",if($K7="S2","b","")),Students!$A:$A,AS$2)+countifs(Students!$P:$P,$V7,Students!$Q:$Q,$V$2&if($K7="S1","a",if($K7="S2","b","")),Students!$A:$A,AS$2)+countifs(Students!$R:$R,$V7,Students!$S:$S,$V$2&if($K7="S1","a",if($K7="S2","b","")),Students!$A:$A,AS$2)+countifs(Students!$T:$T,$V7,Students!$U:$U,$V$2&if($K7="S1","a",if($K7="S2","b","")),Students!$A:$A,AS$2)+countifs(Students!$V:$V,$V7,Students!$W:$W,$V$2&if($K7="S1","a",if($K7="S2","b","")),Students!$A:$A,AS$2)+ countifs(Students!$D:$D,$Y7,Students!$E:$E,$Y$2&if($K7="S1","a",if($K7="S2","b","")),Students!$A:$A,AS$2)+countifs(Students!$F:$F,$Y7,Students!$G:$G,$Y$2&if($K7="S1","a",if($K7="S2","b","")),Students!$A:$A,AS$2)+countifs(Students!$H:$H,$Y7,Students!$I:$I,$Y$2&if($K7="S1","a",if($K7="S2","b","")),Students!$A:$A,AS$2)+countifs(Students!$J:$J,$Y7,Students!$K:$K,$Y$2&if($K7="S1","a",if($K7="S2","b","")),Students!$A:$A,AS$2)+countifs(Students!$L:$L,$Y7,Students!$M:$M,$Y$2&if($K7="S1","a",if($K7="S2","b","")),Students!$A:$A,AS$2)+countifs(Students!$N:$N,$Y7,Students!$O:$O,$Y$2&if($K7="S1","a",if($K7="S2","b","")),Students!$A:$A,AS$2)+countifs(Students!$P:$P,$Y7,Students!$Q:$Q,$Y$2&if($K7="S1","a",if($K7="S2","b","")),Students!$A:$A,AS$2)+countifs(Students!$R:$R,$Y7,Students!$S:$S,$Y$2&if($K7="S1","a",if($K7="S2","b","")),Students!$A:$A,AS$2)+countifs(Students!$T:$T,$Y7,Students!$U:$U,$Y$2&if($K7="S1","a",if($K7="S2","b","")),Students!$A:$A,AS$2)+countifs(Students!$V:$V,$Y7,Students!$W:$W,$Y$2&if($K7="S1","a",if($K7="S2","b","")),Students!$A:$A,AS$2)+ countifs(Students!$D:$D,$AB7,Students!$E:$E,$AB$2&if($K7="S1","a",if($K7="S2","b","")),Students!$A:$A,AS$2)+countifs(Students!$F:$F,$AB7,Students!$G:$G,$AB$2&if($K7="S1","a",if($K7="S2","b","")),Students!$A:$A,AS$2)+countifs(Students!$H:$H,$AB7,Students!$I:$I,$AB$2&if($K7="S1","a",if($K7="S2","b","")),Students!$A:$A,AS$2)+countifs(Students!$J:$J,$AB7,Students!$K:$K,$AB$2&if($K7="S1","a",if($K7="S2","b","")),Students!$A:$A,AS$2)+countifs(Students!$L:$L,$AB7,Students!$M:$M,$AB$2&if($K7="S1","a",if($K7="S2","b","")),Students!$A:$A,AS$2)+countifs(Students!$N:$N,$AB7,Students!$O:$O,$AB$2&if($K7="S1","a",if($K7="S2","b","")),Students!$A:$A,AS$2)+countifs(Students!$P:$P,$AB7,Students!$Q:$Q,$AB$2&if($K7="S1","a",if($K7="S2","b","")),Students!$A:$A,AS$2)+countifs(Students!$R:$R,$AB7,Students!$S:$S,$AB$2&if($K7="S1","a",if($K7="S2","b","")),Students!$A:$A,AS$2)+countifs(Students!$T:$T,$AB7,Students!$U:$U,$AB$2&if($K7="S1","a",if($K7="S2","b","")),Students!$A:$A,AS$2)+countifs(Students!$V:$V,$AB7,Students!$W:$W,$AB$2&if($K7="S1","a",if($K7="S2","b","")),Students!$A:$A,AS$2)+ countifs(Students!$D:$D,$AE7,Students!$E:$E,$AE$2&if($K7="S1","a",if($K7="S2","b","")),Students!$A:$A,AS$2)+countifs(Students!$F:$F,$AE7,Students!$G:$G,$AE$2&if($K7="S1","a",if($K7="S2","b","")),Students!$A:$A,AS$2)+countifs(Students!$H:$H,$AE7,Students!$I:$I,$AE$2&if($K7="S1","a",if($K7="S2","b","")),Students!$A:$A,AS$2)+countifs(Students!$J:$J,$AE7,Students!$K:$K,$AE$2&if($K7="S1","a",if($K7="S2","b","")),Students!$A:$A,AS$2)+countifs(Students!$L:$L,$AE7,Students!$M:$M,$AE$2&if($K7="S1","a",if($K7="S2","b","")),Students!$A:$A,AS$2)+countifs(Students!$N:$N,$AE7,Students!$O:$O,$AE$2&if($K7="S1","a",if($K7="S2","b","")),Students!$A:$A,AS$2)+countifs(Students!$P:$P,$AE7,Students!$Q:$Q,$AE$2&if($K7="S1","a",if($K7="S2","b","")),Students!$A:$A,AS$2)+countifs(Students!$R:$R,$AE7,Students!$S:$S,$AE$2&if($K7="S1","a",if($K7="S2","b","")),Students!$A:$A,AS$2)+countifs(Students!$T:$T,$AE7,Students!$U:$U,$AE$2&if($K7="S1","a",if($K7="S2","b","")),Students!$A:$A,AS$2)+countifs(Students!$V:$V,$AE7,Students!$W:$W,$AE$2&if($K7="S1","a",if($K7="S2","b","")),Students!$A:$A,AS$2)+ countifs(Students!$D:$D,$AH7,Students!$E:$E,$AH$2&if($K7="S1","a",if($K7="S2","b","")),Students!$A:$A,AS$2)+countifs(Students!$F:$F,$AH7,Students!$G:$G,$AH$2&if($K7="S1","a",if($K7="S2","b","")),Students!$A:$A,AS$2)+countifs(Students!$H:$H,$AH7,Students!$I:$I,$AH$2&if($K7="S1","a",if($K7="S2","b","")),Students!$A:$A,AS$2)+countifs(Students!$J:$J,$AH7,Students!$K:$K,$AH$2&if($K7="S1","a",if($K7="S2","b","")),Students!$A:$A,AS$2)+countifs(Students!$L:$L,$AH7,Students!$M:$M,$AH$2&if($K7="S1","a",if($K7="S2","b","")),Students!$A:$A,AS$2)+countifs(Students!$N:$N,$AH7,Students!$O:$O,$AH$2&if($K7="S1","a",if($K7="S2","b","")),Students!$A:$A,AS$2)+countifs(Students!$P:$P,$AH7,Students!$Q:$Q,$AH$2&if($K7="S1","a",if($K7="S2","b","")),Students!$A:$A,AS$2)+countifs(Students!$R:$R,$AH7,Students!$S:$S,$AH$2&if($K7="S1","a",if($K7="S2","b","")),Students!$A:$A,AS$2)+countifs(Students!$T:$T,$AH7,Students!$U:$U,$AH$2&if($K7="S1","a",if($K7="S2","b","")),Students!$A:$A,AS$2)+countifs(Students!$V:$V,$AH7,Students!$W:$W,$AH$2&if($K7="S1","a",if($K7="S2","b","")),Students!$A:$A,AS$2)+ countifs(Students!$D:$D,$AK7,Students!$E:$E,$AK$2&if($K7="S1","a",if($K7="S2","b","")),Students!$A:$A,AS$2)+countifs(Students!$F:$F,$AK7,Students!$G:$G,$AK$2&if($K7="S1","a",if($K7="S2","b","")),Students!$A:$A,AS$2)+countifs(Students!$H:$H,$AK7,Students!$I:$I,$AK$2&if($K7="S1","a",if($K7="S2","b","")),Students!$A:$A,AS$2)+countifs(Students!$J:$J,$AK7,Students!$K:$K,$AK$2&if($K7="S1","a",if($K7="S2","b","")),Students!$A:$A,AS$2)+countifs(Students!$L:$L,$AK7,Students!$M:$M,$AK$2&if($K7="S1","a",if($K7="S2","b","")),Students!$A:$A,AS$2)+countifs(Students!$N:$N,$AK7,Students!$O:$O,$AK$2&if($K7="S1","a",if($K7="S2","b","")),Students!$A:$A,AS$2)+countifs(Students!$P:$P,$AK7,Students!$Q:$Q,$AK$2&if($K7="S1","a",if($K7="S2","b","")),Students!$A:$A,AS$2)+countifs(Students!$R:$R,$AK7,Students!$S:$S,$AK$2&if($K7="S1","a",if($K7="S2","b","")),Students!$A:$A,AS$2)+countifs(Students!$T:$T,$AK7,Students!$U:$U,$AK$2&if($K7="S1","a",if($K7="S2","b","")),Students!$A:$A,AS$2)+countifs(Students!$V:$V,$AK7,Students!$W:$W,$AK$2&if($K7="S1","a",if($K7="S2","b","")),Students!$A:$A,AS$2)) -> 9
